design,replication,method,asep
random_rows,0,naive,47.071082989363234
random_rows,0,ar1,34.794156448275515
random_rows,0,random_forest,29.708757794758856
random_rows,1,naive,47.93805511899
random_rows,1,ar1,36.619585622849996
random_rows,1,random_forest,32.76958724925257
random_rows,2,naive,57.204718793640566
random_rows,2,ar1,48.40829848078429
random_rows,2,random_forest,32.90223107880309
random_rows,3,naive,56.04132989676286
random_rows,3,ar1,35.35125864273184
random_rows,3,random_forest,32.818490775237905
random_rows,4,naive,46.48929049014189
random_rows,4,ar1,30.650492274905332
random_rows,4,random_forest,27.23224994320609
random_rows,5,naive,56.74919262549423
random_rows,5,ar1,49.99879472041719
random_rows,5,random_forest,46.03063695847008
random_rows,6,naive,53.513062198883624
random_rows,6,ar1,41.054260300928696
random_rows,6,random_forest,38.37534133561203
random_rows,7,naive,43.68126716080038
random_rows,7,ar1,31.417337210043204
random_rows,7,random_forest,26.585936082758828
random_rows,8,naive,38.562156870295645
random_rows,8,ar1,29.360865247354162
random_rows,8,random_forest,25.370483133911833
random_rows,9,naive,67.35414274412787
random_rows,9,ar1,42.667600284178505
random_rows,9,random_forest,38.77129151645843
random_rows,10,naive,53.02581523235404
random_rows,10,ar1,35.46924726698612
random_rows,10,random_forest,35.32940251760739
random_rows,11,naive,65.61319325991627
random_rows,11,ar1,45.03167325547114
random_rows,11,random_forest,42.879962504224615
random_rows,12,naive,67.42233989216952
random_rows,12,ar1,48.4899759627304
random_rows,12,random_forest,41.53463769866384
random_rows,13,naive,53.99176342248892
random_rows,13,ar1,35.6864695091733
random_rows,13,random_forest,31.88445330478742
random_rows,14,naive,45.34301413470567
random_rows,14,ar1,34.527345337897785
random_rows,14,random_forest,28.893765657138324
random_rows,15,naive,43.79666382126839
random_rows,15,ar1,30.016697719447492
random_rows,15,random_forest,29.29119911239692
random_rows,16,naive,45.90727470276026
random_rows,16,ar1,37.233248337656015
random_rows,16,random_forest,32.599202250401284
random_rows,17,naive,46.73215095309416
random_rows,17,ar1,45.34734282408752
random_rows,17,random_forest,47.911241033986045
random_rows,18,naive,50.260146888055445
random_rows,18,ar1,34.767771420832844
random_rows,18,random_forest,30.278425098882103
random_rows,19,naive,46.447055180903554
random_rows,19,ar1,37.79147875416698
random_rows,19,random_forest,34.351160890050245
random_rows,20,naive,47.148351853688176
random_rows,20,ar1,32.51329247231498
random_rows,20,random_forest,31.76137592582316
random_rows,21,naive,43.0982747521542
random_rows,21,ar1,33.59432420376536
random_rows,21,random_forest,28.514369866671966
random_rows,22,naive,39.39314461683809
random_rows,22,ar1,26.982340251347917
random_rows,22,random_forest,26.241393592677824
random_rows,23,naive,46.633611736548765
random_rows,23,ar1,29.70982661100757
random_rows,23,random_forest,28.902464852546732
random_rows,24,naive,32.01472586185943
random_rows,24,ar1,25.864626268067074
random_rows,24,random_forest,24.31220855345428
random_rows,25,naive,41.148213785271345
random_rows,25,ar1,31.40129575922442
random_rows,25,random_forest,26.93359719583016
random_rows,26,naive,55.8725859237814
random_rows,26,ar1,37.24180634182346
random_rows,26,random_forest,34.57082898227501
random_rows,27,naive,43.14189785850479
random_rows,27,ar1,36.756986265098384
random_rows,27,random_forest,30.40374286008638
random_rows,28,naive,56.05480341727431
random_rows,28,ar1,32.204932059235226
random_rows,28,random_forest,30.21320357854433
random_rows,29,naive,58.01969055856335
random_rows,29,ar1,40.53067154593176
random_rows,29,random_forest,30.691292528004762
random_rows,30,naive,61.365920293965345
random_rows,30,ar1,44.66053382590266
random_rows,30,random_forest,39.58709014413536
random_rows,31,naive,41.4808052310771
random_rows,31,ar1,39.55591345256793
random_rows,31,random_forest,39.18108350568403
random_rows,32,naive,53.14544799990499
random_rows,32,ar1,40.05974091422322
random_rows,32,random_forest,35.16421266467521
random_rows,33,naive,50.946637105374236
random_rows,33,ar1,30.991715256362763
random_rows,33,random_forest,30.21898671686893
random_rows,34,naive,51.661148879337546
random_rows,34,ar1,36.74122341004773
random_rows,34,random_forest,31.77505128556604
random_rows,35,naive,85.11552046939471
random_rows,35,ar1,55.18003042806252
random_rows,35,random_forest,54.12680280895445
random_rows,36,naive,56.38771387854636
random_rows,36,ar1,39.75346356480415
random_rows,36,random_forest,32.17975768198317
random_rows,37,naive,49.658838480225114
random_rows,37,ar1,37.48811660954743
random_rows,37,random_forest,28.7382751107765
random_rows,38,naive,38.058430875576036
random_rows,38,ar1,26.297642051940098
random_rows,38,random_forest,24.663927830804973
random_rows,39,naive,50.87222395880223
random_rows,39,ar1,39.456535095974274
random_rows,39,random_forest,38.50713119284981
random_rows,40,naive,44.342020983092006
random_rows,40,ar1,34.153154085055604
random_rows,40,random_forest,26.701116916810186
random_rows,41,naive,62.55262371864942
random_rows,41,ar1,38.730949062906646
random_rows,41,random_forest,36.834952020144705
random_rows,42,naive,51.05601639086502
random_rows,42,ar1,42.23601883803337
random_rows,42,random_forest,42.119031595419315
random_rows,43,naive,50.2609803117557
random_rows,43,ar1,44.95493982380393
random_rows,43,random_forest,30.09275265360477
random_rows,44,naive,41.20115401697111
random_rows,44,ar1,29.13666453549174
random_rows,44,random_forest,26.576567700942668
random_rows,45,naive,57.368502576474455
random_rows,45,ar1,42.34116615813591
random_rows,45,random_forest,35.90680072255105
random_rows,46,naive,50.264176537661896
random_rows,46,ar1,29.06062602510362
random_rows,46,random_forest,29.548849226639256
random_rows,47,naive,52.720432306542584
random_rows,47,ar1,42.35427043107013
random_rows,47,random_forest,36.431028421414105
random_rows,48,naive,51.026157412141096
random_rows,48,ar1,38.854047278304456
random_rows,48,random_forest,34.21491036855174
random_rows,49,naive,44.643811436904976
random_rows,49,ar1,42.26170323511655
random_rows,49,random_forest,43.00203620495306
random_rows,50,naive,43.904189964279425
random_rows,50,ar1,32.96760529333356
random_rows,50,random_forest,30.594748781591726
random_rows,51,naive,67.25092747999346
random_rows,51,ar1,50.12013458725728
random_rows,51,random_forest,33.834471939294005
random_rows,52,naive,47.60441149638883
random_rows,52,ar1,35.07515351797127
random_rows,52,random_forest,35.731525362315026
random_rows,53,naive,70.44256458783109
random_rows,53,ar1,49.70315537802009
random_rows,53,random_forest,35.91266097437471
random_rows,54,naive,44.42082728098863
random_rows,54,ar1,32.66908133224329
random_rows,54,random_forest,30.352991726719285
random_rows,55,naive,66.85405694113
random_rows,55,ar1,51.19989278486518
random_rows,55,random_forest,38.44334782437494
random_rows,56,naive,43.14516468282218
random_rows,56,ar1,33.66331145167344
random_rows,56,random_forest,26.576046507188725
random_rows,57,naive,62.571924791754334
random_rows,57,ar1,48.5444938451648
random_rows,57,random_forest,44.35898357018775
random_rows,58,naive,57.03752791055861
random_rows,58,ar1,38.265453153308336
random_rows,58,random_forest,36.59461756155246
random_rows,59,naive,84.51742161303832
random_rows,59,ar1,57.79841935253501
random_rows,59,random_forest,36.78098775798274
random_rows,60,naive,40.15124569636041
random_rows,60,ar1,25.062124571564
random_rows,60,random_forest,24.981618067583387
random_rows,61,naive,43.22396603457189
random_rows,61,ar1,28.14311608173635
random_rows,61,random_forest,25.609410763915726
random_rows,62,naive,58.48741554047509
random_rows,62,ar1,40.44033324718681
random_rows,62,random_forest,35.95763853986939
random_rows,63,naive,48.57535837390026
random_rows,63,ar1,30.42784029690977
random_rows,63,random_forest,30.451984261661885
random_rows,64,naive,46.80483440224918
random_rows,64,ar1,35.34467042682073
random_rows,64,random_forest,26.668540200427547
random_rows,65,naive,55.429160551061614
random_rows,65,ar1,31.64512113150627
random_rows,65,random_forest,27.81736702877317
random_rows,66,naive,50.59122730999831
random_rows,66,ar1,40.48426291025284
random_rows,66,random_forest,33.04954197143351
random_rows,67,naive,61.121527425374204
random_rows,67,ar1,34.949550913585504
random_rows,67,random_forest,28.573481512421246
random_rows,68,naive,42.964693688669506
random_rows,68,ar1,41.56510027710561
random_rows,68,random_forest,37.64432763732308
random_rows,69,naive,47.92816850413684
random_rows,69,ar1,30.168318472428325
random_rows,69,random_forest,31.99260813354107
random_rows,70,naive,53.11607660413971
random_rows,70,ar1,29.541692332170022
random_rows,70,random_forest,27.424401146547552
random_rows,71,naive,49.81430393635388
random_rows,71,ar1,32.39142370996616
random_rows,71,random_forest,28.880198943907768
random_rows,72,naive,50.99099486208657
random_rows,72,ar1,30.96234472052248
random_rows,72,random_forest,29.62507527176545
random_rows,73,naive,47.52339087750318
random_rows,73,ar1,33.48790947681942
random_rows,73,random_forest,27.4900445553585
random_rows,74,naive,52.25989658146771
random_rows,74,ar1,43.80908482847864
random_rows,74,random_forest,40.37792667263346
random_rows,75,naive,50.94460641472097
random_rows,75,ar1,36.27747921916737
random_rows,75,random_forest,28.35555233363422
random_rows,76,naive,41.33680791556731
random_rows,76,ar1,28.001299103013462
random_rows,76,random_forest,25.97861071369685
random_rows,77,naive,50.70711637746825
random_rows,77,ar1,61.20407821764909
random_rows,77,random_forest,27.467327310214944
random_rows,78,naive,54.802690094844124
random_rows,78,ar1,38.97420334220164
random_rows,78,random_forest,40.20071999917446
random_rows,79,naive,43.62350126279596
random_rows,79,ar1,33.89061885983294
random_rows,79,random_forest,31.182423120226794
random_rows,80,naive,65.68785920301403
random_rows,80,ar1,37.228617348721556
random_rows,80,random_forest,33.67105899414653
random_rows,81,naive,65.37907898803759
random_rows,81,ar1,47.945110622513326
random_rows,81,random_forest,29.756164456878945
random_rows,82,naive,61.97239360340545
random_rows,82,ar1,40.78186755110177
random_rows,82,random_forest,36.037833366526485
random_rows,83,naive,68.59402264853207
random_rows,83,ar1,41.328794613239026
random_rows,83,random_forest,37.97065049203763
random_rows,84,naive,58.370862156289114
random_rows,84,ar1,40.54363551950112
random_rows,84,random_forest,40.28625016222748
random_rows,85,naive,71.2917967465495
random_rows,85,ar1,34.89607463439857
random_rows,85,random_forest,32.557134770435
random_rows,86,naive,53.85667054971514
random_rows,86,ar1,34.38118607183725
random_rows,86,random_forest,33.28434419024785
random_rows,87,naive,51.81567177506247
random_rows,87,ar1,39.13817967581622
random_rows,87,random_forest,34.51518264125179
random_rows,88,naive,60.68715499440586
random_rows,88,ar1,45.661847719203415
random_rows,88,random_forest,39.41777979187677
random_rows,89,naive,57.16067643514262
random_rows,89,ar1,46.727721177085606
random_rows,89,random_forest,28.601440582433934
random_rows,90,naive,59.01952014233894
random_rows,90,ar1,42.30079735055171
random_rows,90,random_forest,41.530065302483045
random_rows,91,naive,56.491373796932464
random_rows,91,ar1,33.397963886193416
random_rows,91,random_forest,32.023940161520706
random_rows,92,naive,56.412155771962716
random_rows,92,ar1,41.10858847940368
random_rows,92,random_forest,35.16148422802321
random_rows,93,naive,81.95509085916956
random_rows,93,ar1,48.86826357890082
random_rows,93,random_forest,42.31293976085277
random_rows,94,naive,60.7862249705998
random_rows,94,ar1,41.43424118443607
random_rows,94,random_forest,34.520971906484895
random_rows,95,naive,37.50246008637639
random_rows,95,ar1,27.163188047705315
random_rows,95,random_forest,24.660868058005224
random_rows,96,naive,53.90735780320884
random_rows,96,ar1,40.96360819907175
random_rows,96,random_forest,35.166650915115255
random_rows,97,naive,51.22882418923633
random_rows,97,ar1,44.52703659496871
random_rows,97,random_forest,41.65596228527084
random_rows,98,naive,46.635859797459844
random_rows,98,ar1,30.709623464647983
random_rows,98,random_forest,26.79604923922643
random_rows,99,naive,50.50520778567175
random_rows,99,ar1,34.78823238770601
random_rows,99,random_forest,34.682395175954944
random_rows,100,naive,60.667328526991824
random_rows,100,ar1,50.69017668703773
random_rows,100,random_forest,25.542340852175226
random_rows,101,naive,47.34547302544095
random_rows,101,ar1,38.45724600144842
random_rows,101,random_forest,34.18928003775022
random_rows,102,naive,48.93436090360717
random_rows,102,ar1,30.184345620401203
random_rows,102,random_forest,35.517127200545936
random_rows,103,naive,65.91886948492274
random_rows,103,ar1,40.446456175626885
random_rows,103,random_forest,34.43816236932287
random_rows,104,naive,41.99691096751818
random_rows,104,ar1,27.793067604189808
random_rows,104,random_forest,24.56463990032962
random_rows,105,naive,61.3907699018976
random_rows,105,ar1,34.37586234361958
random_rows,105,random_forest,27.68322092728258
random_rows,106,naive,52.642547702216284
random_rows,106,ar1,32.70099765879772
random_rows,106,random_forest,26.48349372787552
random_rows,107,naive,49.86034661744739
random_rows,107,ar1,30.527559769736555
random_rows,107,random_forest,28.976862498678262
random_rows,108,naive,70.49475948973222
random_rows,108,ar1,59.54585268586498
random_rows,108,random_forest,31.49300345206013
random_rows,109,naive,45.39300278676274
random_rows,109,ar1,35.74894832821546
random_rows,109,random_forest,28.066462548057984
random_rows,110,naive,77.3334530167169
random_rows,110,ar1,44.093432259454076
random_rows,110,random_forest,43.90706965514757
random_rows,111,naive,58.5995536699527
random_rows,111,ar1,58.74026822210022
random_rows,111,random_forest,30.242886010054903
random_rows,112,naive,49.16098063842482
random_rows,112,ar1,35.042641516688114
random_rows,112,random_forest,32.36299280773739
random_rows,113,naive,40.16549987811011
random_rows,113,ar1,35.74371597757736
random_rows,113,random_forest,31.1267276930016
random_rows,114,naive,62.64123103778026
random_rows,114,ar1,47.88313047937046
random_rows,114,random_forest,40.308744598152764
random_rows,115,naive,58.46301395518526
random_rows,115,ar1,53.13589607452946
random_rows,115,random_forest,32.27224104052676
random_rows,116,naive,41.49648234060244
random_rows,116,ar1,28.110314643428055
random_rows,116,random_forest,29.919916294927372
random_rows,117,naive,51.685954283391496
random_rows,117,ar1,32.51174894346198
random_rows,117,random_forest,31.416112683512942
random_rows,118,naive,62.201734782802625
random_rows,118,ar1,34.880157645171636
random_rows,118,random_forest,27.53209543725232
random_rows,119,naive,64.94450183002367
random_rows,119,ar1,50.693532936143924
random_rows,119,random_forest,48.400292290325815
random_rows,120,naive,42.040496131956864
random_rows,120,ar1,33.10328194998837
random_rows,120,random_forest,27.525490810890105
random_rows,121,naive,46.73371285436082
random_rows,121,ar1,35.62718077047684
random_rows,121,random_forest,32.69318507969775
random_rows,122,naive,42.07663816609203
random_rows,122,ar1,31.599998550258338
random_rows,122,random_forest,32.46033148202561
random_rows,123,naive,48.98719911428317
random_rows,123,ar1,32.33702263682455
random_rows,123,random_forest,28.69172969403714
random_rows,124,naive,64.14276046664769
random_rows,124,ar1,45.63260026174359
random_rows,124,random_forest,36.63697974287149
random_rows,125,naive,40.27613625583711
random_rows,125,ar1,31.6702510125748
random_rows,125,random_forest,30.34294930648353
random_rows,126,naive,46.661337158104004
random_rows,126,ar1,32.23012793610753
random_rows,126,random_forest,29.17696782219517
random_rows,127,naive,46.98037649779314
random_rows,127,ar1,33.5414880526261
random_rows,127,random_forest,30.072180038804277
random_rows,128,naive,79.64736441030855
random_rows,128,ar1,58.427379966441116
random_rows,128,random_forest,35.29798462156429
random_rows,129,naive,54.30930515398213
random_rows,129,ar1,49.00249210086037
random_rows,129,random_forest,45.6496965499415
random_rows,130,naive,55.56634227248809
random_rows,130,ar1,38.942760348450555
random_rows,130,random_forest,34.212767982301024
random_rows,131,naive,47.74559597685655
random_rows,131,ar1,30.82475782550999
random_rows,131,random_forest,30.54972018570265
random_rows,132,naive,65.5086994376446
random_rows,132,ar1,42.744239840923356
random_rows,132,random_forest,37.70521523515626
random_rows,133,naive,49.852404523988454
random_rows,133,ar1,29.756938459555638
random_rows,133,random_forest,32.22002060800983
random_rows,134,naive,78.28228000027366
random_rows,134,ar1,47.13783792772701
random_rows,134,random_forest,42.696333530504795
random_rows,135,naive,56.75874933318533
random_rows,135,ar1,36.44716079229849
random_rows,135,random_forest,33.90982051544736
random_rows,136,naive,64.29858308796395
random_rows,136,ar1,36.6852838018043
random_rows,136,random_forest,31.26453501181119
random_rows,137,naive,58.45016135239975
random_rows,137,ar1,39.01292656504739
random_rows,137,random_forest,36.99363786883294
random_rows,138,naive,49.506212435995884
random_rows,138,ar1,36.64148686055023
random_rows,138,random_forest,30.401682264764492
random_rows,139,naive,60.57190721612157
random_rows,139,ar1,38.09781641470184
random_rows,139,random_forest,34.42909609510085
random_rows,140,naive,43.66798262039577
random_rows,140,ar1,28.779798859025288
random_rows,140,random_forest,27.61197334809398
random_rows,141,naive,34.81083939156465
random_rows,141,ar1,23.62514188928076
random_rows,141,random_forest,24.15288253102126
random_rows,142,naive,39.044056299611384
random_rows,142,ar1,30.987666278567247
random_rows,142,random_forest,27.957412854497978
random_rows,143,naive,55.375854262135256
random_rows,143,ar1,39.49687268094511
random_rows,143,random_forest,40.244019634001845
random_rows,144,naive,57.984535070495156
random_rows,144,ar1,39.46655021015585
random_rows,144,random_forest,39.25916719535197
random_rows,145,naive,80.44033700542917
random_rows,145,ar1,57.208950200546035
random_rows,145,random_forest,37.45739618687777
random_rows,146,naive,54.44183749987032
random_rows,146,ar1,49.924186015163
random_rows,146,random_forest,44.24289143981077
random_rows,147,naive,57.41621540793522
random_rows,147,ar1,35.19139128914464
random_rows,147,random_forest,31.622966938278186
random_rows,148,naive,55.832301999975215
random_rows,148,ar1,47.35328776189385
random_rows,148,random_forest,34.24240794506173
random_rows,149,naive,71.12831143623906
random_rows,149,ar1,46.757718096777346
random_rows,149,random_forest,33.458110421214585
random_rows,150,naive,46.47402424221552
random_rows,150,ar1,32.51177357576624
random_rows,150,random_forest,30.439728054892477
random_rows,151,naive,47.566862633493194
random_rows,151,ar1,35.87887438838442
random_rows,151,random_forest,30.46050837661865
random_rows,152,naive,52.77294663279145
random_rows,152,ar1,34.71246251684567
random_rows,152,random_forest,29.747350297714025
random_rows,153,naive,74.3993112516268
random_rows,153,ar1,41.66918252125011
random_rows,153,random_forest,41.14204028731847
random_rows,154,naive,50.69220673679709
random_rows,154,ar1,40.406441007741094
random_rows,154,random_forest,33.98653874886097
random_rows,155,naive,37.91887271114325
random_rows,155,ar1,24.699917953299995
random_rows,155,random_forest,24.775165614476432
random_rows,156,naive,41.050470166161766
random_rows,156,ar1,35.55006459206485
random_rows,156,random_forest,29.704994743142812
random_rows,157,naive,55.35261438780857
random_rows,157,ar1,40.72781535091518
random_rows,157,random_forest,36.56829164930869
random_rows,158,naive,65.62173057562057
random_rows,158,ar1,37.06527879942796
random_rows,158,random_forest,29.333810325586928
random_rows,159,naive,74.38127077266384
random_rows,159,ar1,49.915090131591896
random_rows,159,random_forest,30.710983775689115
random_rows,160,naive,77.62938187725538
random_rows,160,ar1,49.00690404692588
random_rows,160,random_forest,42.09790564248967
random_rows,161,naive,53.56833698224801
random_rows,161,ar1,44.89409758987915
random_rows,161,random_forest,40.427234536269395
random_rows,162,naive,56.889014048309484
random_rows,162,ar1,44.27534825313353
random_rows,162,random_forest,30.476995433626236
random_rows,163,naive,59.077194231434824
random_rows,163,ar1,40.43098140967784
random_rows,163,random_forest,31.08805526385283
random_rows,164,naive,61.330028842176254
random_rows,164,ar1,39.42899445879941
random_rows,164,random_forest,34.451645322677166
random_rows,165,naive,72.43900617300875
random_rows,165,ar1,41.77229511537207
random_rows,165,random_forest,37.35586717575955
random_rows,166,naive,63.94581655661355
random_rows,166,ar1,37.398686766271034
random_rows,166,random_forest,34.37433030248155
random_rows,167,naive,52.314670546469074
random_rows,167,ar1,44.25665629475201
random_rows,167,random_forest,26.40719131587102
random_rows,168,naive,53.086540181339565
random_rows,168,ar1,35.387828801225865
random_rows,168,random_forest,27.430706593167013
random_rows,169,naive,56.371862969215364
random_rows,169,ar1,43.908008856788264
random_rows,169,random_forest,38.36452436604097
random_rows,170,naive,64.73193401624319
random_rows,170,ar1,53.742588638209
random_rows,170,random_forest,51.40555153031823
random_rows,171,naive,50.72676894226907
random_rows,171,ar1,38.12786667157662
random_rows,171,random_forest,33.0460042868635
random_rows,172,naive,65.32084202961705
random_rows,172,ar1,36.55817778182768
random_rows,172,random_forest,30.746533479275325
random_rows,173,naive,47.32524788675846
random_rows,173,ar1,40.70700028749032
random_rows,173,random_forest,37.48758840954518
random_rows,174,naive,37.9215269398298
random_rows,174,ar1,28.496444226644318
random_rows,174,random_forest,29.48283434600737
random_rows,175,naive,42.407280175363574
random_rows,175,ar1,31.045490550426766
random_rows,175,random_forest,31.618977288264126
random_rows,176,naive,72.64661853283839
random_rows,176,ar1,55.968260824585954
random_rows,176,random_forest,50.17665761018732
random_rows,177,naive,43.18784398078946
random_rows,177,ar1,27.768331106282808
random_rows,177,random_forest,25.529926318639866
random_rows,178,naive,56.99914774218103
random_rows,178,ar1,51.302194210194386
random_rows,178,random_forest,44.980979706119776
random_rows,179,naive,49.9211452206921
random_rows,179,ar1,34.61722816801976
random_rows,179,random_forest,32.29614768091937
random_rows,180,naive,55.86291930016813
random_rows,180,ar1,36.386187922753166
random_rows,180,random_forest,32.011833106755695
random_rows,181,naive,46.166007788630765
random_rows,181,ar1,41.663464480951184
random_rows,181,random_forest,41.09916026190729
random_rows,182,naive,60.18435434610546
random_rows,182,ar1,40.68044447570902
random_rows,182,random_forest,36.86502342407473
random_rows,183,naive,49.47694444803637
random_rows,183,ar1,39.1379755491785
random_rows,183,random_forest,32.15727006467627
random_rows,184,naive,52.118206737575676
random_rows,184,ar1,41.11309483870006
random_rows,184,random_forest,36.59356091411312
random_rows,185,naive,64.60184460249884
random_rows,185,ar1,42.20670098053178
random_rows,185,random_forest,38.28464434367614
random_rows,186,naive,39.8541268178936
random_rows,186,ar1,29.28870898971543
random_rows,186,random_forest,25.6464455534598
random_rows,187,naive,50.177017630696774
random_rows,187,ar1,34.190931001308805
random_rows,187,random_forest,35.88154451826688
random_rows,188,naive,46.82041535096294
random_rows,188,ar1,35.36809651011329
random_rows,188,random_forest,33.336600711246334
random_rows,189,naive,48.51659377579659
random_rows,189,ar1,37.387485555300216
random_rows,189,random_forest,33.932092419462805
random_rows,190,naive,59.795189659851836
random_rows,190,ar1,41.35196520560815
random_rows,190,random_forest,37.58879171411451
random_rows,191,naive,70.37003673086195
random_rows,191,ar1,49.82280718360054
random_rows,191,random_forest,32.23283401833089
random_rows,192,naive,55.81848109961061
random_rows,192,ar1,29.716581518937975
random_rows,192,random_forest,30.95788007873037
random_rows,193,naive,75.34058317750167
random_rows,193,ar1,63.76025525357136
random_rows,193,random_forest,48.978277099680035
random_rows,194,naive,67.60248850782123
random_rows,194,ar1,45.67397389534478
random_rows,194,random_forest,40.293480881085685
random_rows,195,naive,43.042086594592476
random_rows,195,ar1,31.95550816622527
random_rows,195,random_forest,30.910644252828575
random_rows,196,naive,50.25769002137253
random_rows,196,ar1,33.079741995736136
random_rows,196,random_forest,29.91460008204255
random_rows,197,naive,57.751901268718605
random_rows,197,ar1,40.1264631273496
random_rows,197,random_forest,35.910875042562374
random_rows,198,naive,64.00903871771041
random_rows,198,ar1,65.58439616846285
random_rows,198,random_forest,42.46145479078108
random_rows,199,naive,51.69342875927155
random_rows,199,ar1,30.063489947619637
random_rows,199,random_forest,29.409949816095946
new_periods,0,naive,50.8828384967288
new_periods,0,ar1,38.73357272760046
new_periods,0,random_forest,36.489210533830615
new_periods,1,naive,86.0430613106729
new_periods,1,ar1,53.44937685836431
new_periods,1,random_forest,56.186263103176294
new_periods,2,naive,40.61524196541723
new_periods,2,ar1,25.902590983704975
new_periods,2,random_forest,26.755404153564815
new_periods,3,naive,86.0430613106729
new_periods,3,ar1,53.44937685836431
new_periods,3,random_forest,56.186263103176294
new_periods,4,naive,83.97768043760246
new_periods,4,ar1,54.99903211045471
new_periods,4,random_forest,67.37064188273845
new_periods,5,naive,86.0430613106729
new_periods,5,ar1,53.44937685836431
new_periods,5,random_forest,56.186263103176294
new_periods,6,naive,61.49580062053276
new_periods,6,ar1,46.77509251331203
new_periods,6,random_forest,46.008902476644884
new_periods,7,naive,86.0430613106729
new_periods,7,ar1,53.44937685836431
new_periods,7,random_forest,56.186263103176294
new_periods,8,naive,42.757604646320395
new_periods,8,ar1,28.9948570439541
new_periods,8,random_forest,28.666778831765583
new_periods,9,naive,86.0430613106729
new_periods,9,ar1,53.44937685836431
new_periods,9,random_forest,56.186263103176294
new_periods,10,naive,79.66310326826276
new_periods,10,ar1,49.37650105261494
new_periods,10,random_forest,47.41400244067638
new_periods,11,naive,86.0430613106729
new_periods,11,ar1,53.44937685836431
new_periods,11,random_forest,56.186263103176294
new_periods,12,naive,42.2954773651718
new_periods,12,ar1,27.998669506897382
new_periods,12,random_forest,30.683164211678346
new_periods,13,naive,86.0430613106729
new_periods,13,ar1,53.44937685836431
new_periods,13,random_forest,56.186263103176294
new_periods,14,naive,34.595995061493255
new_periods,14,ar1,23.856453567877605
new_periods,14,random_forest,26.17546428082009
new_periods,15,naive,86.0430613106729
new_periods,15,ar1,53.44937685836431
new_periods,15,random_forest,56.186263103176294
new_periods,16,naive,83.97768043760246
new_periods,16,ar1,54.99903211045471
new_periods,16,random_forest,67.37064188273845
new_periods,17,naive,86.0430613106729
new_periods,17,ar1,53.44937685836431
new_periods,17,random_forest,56.186263103176294
new_periods,18,naive,64.57752330062682
new_periods,18,ar1,43.5486606882736
new_periods,18,random_forest,43.99979501931687
new_periods,19,naive,86.0430613106729
new_periods,19,ar1,53.44937685836431
new_periods,19,random_forest,56.186263103176294
new_periods,20,naive,82.2367238613389
new_periods,20,ar1,54.046540044307996
new_periods,20,random_forest,54.67567882360251
new_periods,21,naive,86.0430613106729
new_periods,21,ar1,53.44937685836431
new_periods,21,random_forest,56.186263103176294
new_periods,22,naive,83.97768043760246
new_periods,22,ar1,54.99903211045471
new_periods,22,random_forest,67.37064188273847
new_periods,23,naive,86.0430613106729
new_periods,23,ar1,53.44937685836431
new_periods,23,random_forest,56.186263103176294
new_periods,24,naive,73.25847044615536
new_periods,24,ar1,46.29985517046925
new_periods,24,random_forest,41.40505864459235
new_periods,25,naive,86.0430613106729
new_periods,25,ar1,53.44937685836431
new_periods,25,random_forest,56.186263103176294
new_periods,26,naive,92.72242539090473
new_periods,26,ar1,58.93527903986021
new_periods,26,random_forest,78.94585111826294
new_periods,27,naive,86.0430613106729
new_periods,27,ar1,53.44937685836431
new_periods,27,random_forest,56.186263103176294
new_periods,28,naive,41.291651406779316
new_periods,28,ar1,26.195306670583864
new_periods,28,random_forest,27.467871942482436
new_periods,29,naive,86.0430613106729
new_periods,29,ar1,53.44937685836431
new_periods,29,random_forest,56.186263103176294
new_periods,30,naive,79.66310326826276
new_periods,30,ar1,49.37650105261494
new_periods,30,random_forest,47.41400244067638
new_periods,31,naive,86.0430613106729
new_periods,31,ar1,53.44937685836431
new_periods,31,random_forest,56.186263103176294
new_periods,32,naive,64.4022597616987
new_periods,32,ar1,41.281103154371095
new_periods,32,random_forest,42.91884395927278
new_periods,33,naive,86.0430613106729
new_periods,33,ar1,53.44937685836431
new_periods,33,random_forest,56.186263103176294
new_periods,34,naive,68.8958099817459
new_periods,34,ar1,48.61768199673503
new_periods,34,random_forest,48.36605385454021
new_periods,35,naive,86.0430613106729
new_periods,35,ar1,53.44937685836431
new_periods,35,random_forest,56.186263103176294
new_periods,36,naive,31.987834319430696
new_periods,36,ar1,22.107233503526786
new_periods,36,random_forest,23.88011214683088
new_periods,37,naive,86.0430613106729
new_periods,37,ar1,53.44937685836431
new_periods,37,random_forest,56.186263103176294
new_periods,38,naive,20.677813232252284
new_periods,38,ar1,17.364293624563395
new_periods,38,random_forest,48.718069875059115
new_periods,39,naive,86.0430613106729
new_periods,39,ar1,53.44937685836431
new_periods,39,random_forest,56.186263103176294
new_periods,40,naive,29.191695032100686
new_periods,40,ar1,19.7458306306205
new_periods,40,random_forest,24.101949624730803
new_periods,41,naive,86.0430613106729
new_periods,41,ar1,53.44937685836431
new_periods,41,random_forest,56.186263103176294
new_periods,42,naive,41.291651406779316
new_periods,42,ar1,26.195306670583864
new_periods,42,random_forest,27.467871942482436
new_periods,43,naive,86.0430613106729
new_periods,43,ar1,53.44937685836431
new_periods,43,random_forest,56.186263103176294
new_periods,44,naive,79.66310326826276
new_periods,44,ar1,49.37650105261494
new_periods,44,random_forest,47.41400244067638
new_periods,45,naive,86.0430613106729
new_periods,45,ar1,53.44937685836431
new_periods,45,random_forest,56.186263103176294
new_periods,46,naive,83.97768043760246
new_periods,46,ar1,54.99903211045471
new_periods,46,random_forest,67.37064188273845
new_periods,47,naive,86.0430613106729
new_periods,47,ar1,53.44937685836431
new_periods,47,random_forest,56.186263103176294
new_periods,48,naive,40.61524196541723
new_periods,48,ar1,25.902590983704975
new_periods,48,random_forest,26.755404153564815
new_periods,49,naive,86.0430613106729
new_periods,49,ar1,53.44937685836431
new_periods,49,random_forest,56.186263103176294
new_periods,50,naive,86.61703384695906
new_periods,50,ar1,55.321117122277265
new_periods,50,random_forest,59.150539129859034
new_periods,51,naive,86.0430613106729
new_periods,51,ar1,53.44937685836431
new_periods,51,random_forest,56.186263103176294
new_periods,52,naive,45.326855604439594
new_periods,52,ar1,38.43809099626397
new_periods,52,random_forest,33.74271077117428
new_periods,53,naive,86.0430613106729
new_periods,53,ar1,53.44937685836431
new_periods,53,random_forest,56.1862631031763
new_periods,54,naive,49.16041940141227
new_periods,54,ar1,32.55153230809587
new_periods,54,random_forest,28.06905015714036
new_periods,55,naive,86.0430613106729
new_periods,55,ar1,53.44937685836431
new_periods,55,random_forest,56.186263103176294
new_periods,56,naive,38.94813281297583
new_periods,56,ar1,26.61764520021107
new_periods,56,random_forest,28.077989422425258
new_periods,57,naive,86.0430613106729
new_periods,57,ar1,53.44937685836431
new_periods,57,random_forest,56.186263103176294
new_periods,58,naive,29.865761337941887
new_periods,58,ar1,23.01844435718197
new_periods,58,random_forest,23.333833248511777
new_periods,59,naive,86.0430613106729
new_periods,59,ar1,53.44937685836431
new_periods,59,random_forest,56.186263103176294
new_periods,60,naive,82.2367238613389
new_periods,60,ar1,54.046540044307996
new_periods,60,random_forest,54.67567882360251
new_periods,61,naive,86.0430613106729
new_periods,61,ar1,53.44937685836431
new_periods,61,random_forest,56.186263103176294
new_periods,62,naive,30.314216743270293
new_periods,62,ar1,20.210662467187806
new_periods,62,random_forest,23.58190200477776
new_periods,63,naive,86.0430613106729
new_periods,63,ar1,53.44937685836431
new_periods,63,random_forest,56.186263103176294
new_periods,64,naive,73.13017778134015
new_periods,64,ar1,54.8606785145712
new_periods,64,random_forest,68.38070533929256
new_periods,65,naive,86.0430613106729
new_periods,65,ar1,53.44937685836431
new_periods,65,random_forest,56.186263103176294
new_periods,66,naive,47.0545519878681
new_periods,66,ar1,38.184837969044764
new_periods,66,random_forest,37.16416185344243
new_periods,67,naive,86.0430613106729
new_periods,67,ar1,53.44937685836431
new_periods,67,random_forest,56.186263103176294
new_periods,68,naive,62.103863411255524
new_periods,68,ar1,45.85915982470146
new_periods,68,random_forest,47.73931073992295
new_periods,69,naive,86.0430613106729
new_periods,69,ar1,53.44937685836431
new_periods,69,random_forest,56.186263103176294
new_periods,70,naive,64.4022597616987
new_periods,70,ar1,41.281103154371095
new_periods,70,random_forest,42.91884395927278
new_periods,71,naive,86.0430613106729
new_periods,71,ar1,53.44937685836431
new_periods,71,random_forest,56.186263103176294
new_periods,72,naive,64.96714944368263
new_periods,72,ar1,44.09058678071897
new_periods,72,random_forest,46.58608841468135
new_periods,73,naive,86.0430613106729
new_periods,73,ar1,53.44937685836431
new_periods,73,random_forest,56.186263103176294
new_periods,74,naive,56.20553010581355
new_periods,74,ar1,35.20456814927789
new_periods,74,random_forest,40.80468560118753
new_periods,75,naive,86.0430613106729
new_periods,75,ar1,53.44937685836431
new_periods,75,random_forest,56.186263103176294
new_periods,76,naive,37.23170476653587
new_periods,76,ar1,23.98048512452748
new_periods,76,random_forest,27.29492187114509
new_periods,77,naive,86.0430613106729
new_periods,77,ar1,53.44937685836431
new_periods,77,random_forest,56.186263103176294
new_periods,78,naive,42.2954773651718
new_periods,78,ar1,27.998669506897382
new_periods,78,random_forest,30.683164211678346
new_periods,79,naive,86.0430613106729
new_periods,79,ar1,53.44937685836431
new_periods,79,random_forest,56.186263103176294
new_periods,80,naive,39.63981251951417
new_periods,80,ar1,29.120874005056578
new_periods,80,random_forest,23.00865283652817
new_periods,81,naive,86.0430613106729
new_periods,81,ar1,53.44937685836431
new_periods,81,random_forest,56.186263103176294
new_periods,82,naive,29.60959692742623
new_periods,82,ar1,19.03790571547885
new_periods,82,random_forest,20.585318546607926
new_periods,83,naive,86.0430613106729
new_periods,83,ar1,53.44937685836431
new_periods,83,random_forest,56.186263103176294
new_periods,84,naive,44.44931518953252
new_periods,84,ar1,30.501920526797505
new_periods,84,random_forest,32.17589402207779
new_periods,85,naive,86.0430613106729
new_periods,85,ar1,53.44937685836431
new_periods,85,random_forest,56.186263103176294
new_periods,86,naive,29.191695032100686
new_periods,86,ar1,19.7458306306205
new_periods,86,random_forest,24.101949624730803
new_periods,87,naive,86.0430613106729
new_periods,87,ar1,53.44937685836431
new_periods,87,random_forest,56.186263103176294
new_periods,88,naive,31.987834319430696
new_periods,88,ar1,22.107233503526786
new_periods,88,random_forest,23.88011214683088
new_periods,89,naive,86.0430613106729
new_periods,89,ar1,53.44937685836431
new_periods,89,random_forest,56.186263103176294
new_periods,90,naive,39.18639905774964
new_periods,90,ar1,26.3633049690475
new_periods,90,random_forest,22.920298082299194
new_periods,91,naive,86.0430613106729
new_periods,91,ar1,53.44937685836431
new_periods,91,random_forest,56.186263103176294
new_periods,92,naive,42.757604646320395
new_periods,92,ar1,28.9948570439541
new_periods,92,random_forest,28.666778831765583
new_periods,93,naive,86.0430613106729
new_periods,93,ar1,53.44937685836431
new_periods,93,random_forest,56.186263103176294
new_periods,94,naive,84.70764951169474
new_periods,94,ar1,54.21671780801214
new_periods,94,random_forest,53.46389453705241
new_periods,95,naive,86.0430613106729
new_periods,95,ar1,53.44937685836431
new_periods,95,random_forest,56.186263103176294
new_periods,96,naive,41.291651406779316
new_periods,96,ar1,26.195306670583864
new_periods,96,random_forest,27.467871942482436
new_periods,97,naive,86.0430613106729
new_periods,97,ar1,53.44937685836431
new_periods,97,random_forest,56.186263103176294
new_periods,98,naive,51.47490735186673
new_periods,98,ar1,55.4290759920669
new_periods,98,random_forest,28.27856792933173
new_periods,99,naive,86.0430613106729
new_periods,99,ar1,53.44937685836431
new_periods,99,random_forest,56.186263103176294
new_periods,100,naive,47.0545519878681
new_periods,100,ar1,38.184837969044764
new_periods,100,random_forest,37.16416185344243
new_periods,101,naive,86.0430613106729
new_periods,101,ar1,53.44937685836431
new_periods,101,random_forest,56.186263103176294
new_periods,102,naive,42.2954773651718
new_periods,102,ar1,27.998669506897382
new_periods,102,random_forest,30.683164211678346
new_periods,103,naive,86.0430613106729
new_periods,103,ar1,53.44937685836431
new_periods,103,random_forest,56.186263103176294
new_periods,104,naive,39.63981251951417
new_periods,104,ar1,29.120874005056578
new_periods,104,random_forest,23.00865283652817
new_periods,105,naive,86.0430613106729
new_periods,105,ar1,53.44937685836431
new_periods,105,random_forest,56.186263103176294
new_periods,106,naive,50.8828384967288
new_periods,106,ar1,38.73357272760046
new_periods,106,random_forest,36.489210533830615
new_periods,107,naive,86.0430613106729
new_periods,107,ar1,53.44937685836431
new_periods,107,random_forest,56.186263103176294
new_periods,108,naive,80.19173252381954
new_periods,108,ar1,66.0384406456588
new_periods,108,random_forest,69.45254169672825
new_periods,109,naive,86.0430613106729
new_periods,109,ar1,53.44937685836431
new_periods,109,random_forest,56.186263103176294
new_periods,110,naive,33.984338571416025
new_periods,110,ar1,21.722540889732237
new_periods,110,random_forest,22.29574759232376
new_periods,111,naive,86.0430613106729
new_periods,111,ar1,53.44937685836431
new_periods,111,random_forest,56.186263103176294
new_periods,112,naive,44.44931518953252
new_periods,112,ar1,30.501920526797505
new_periods,112,random_forest,32.17589402207779
new_periods,113,naive,86.0430613106729
new_periods,113,ar1,53.44937685836431
new_periods,113,random_forest,56.186263103176294
new_periods,114,naive,85.12255564038568
new_periods,114,ar1,52.915422863312145
new_periods,114,random_forest,55.97297388191425
new_periods,115,naive,86.0430613106729
new_periods,115,ar1,53.44937685836431
new_periods,115,random_forest,56.186263103176294
new_periods,116,naive,60.337094676879246
new_periods,116,ar1,37.72256045714649
new_periods,116,random_forest,43.76889183767115
new_periods,117,naive,86.0430613106729
new_periods,117,ar1,53.44937685836431
new_periods,117,random_forest,56.186263103176294
new_periods,118,naive,48.30553719252425
new_periods,118,ar1,40.51155567350442
new_periods,118,random_forest,38.71541356199355
new_periods,119,naive,86.0430613106729
new_periods,119,ar1,53.44937685836431
new_periods,119,random_forest,56.186263103176294
new_periods,120,naive,80.19173252381954
new_periods,120,ar1,66.0384406456588
new_periods,120,random_forest,69.45254169672825
new_periods,121,naive,86.0430613106729
new_periods,121,ar1,53.44937685836431
new_periods,121,random_forest,56.186263103176294
new_periods,122,naive,68.8958099817459
new_periods,122,ar1,48.61768199673503
new_periods,122,random_forest,48.36605385454021
new_periods,123,naive,86.0430613106729
new_periods,123,ar1,53.44937685836431
new_periods,123,random_forest,56.186263103176294
new_periods,124,naive,36.49856894495895
new_periods,124,ar1,39.188913105273386
new_periods,124,random_forest,40.483893355254594
new_periods,125,naive,86.0430613106729
new_periods,125,ar1,53.44937685836431
new_periods,125,random_forest,56.186263103176294
new_periods,126,naive,37.23170476653587
new_periods,126,ar1,23.98048512452748
new_periods,126,random_forest,27.29492187114509
new_periods,127,naive,86.0430613106729
new_periods,127,ar1,53.44937685836431
new_periods,127,random_forest,56.186263103176294
new_periods,128,naive,50.79550834756548
new_periods,128,ar1,33.93626756828248
new_periods,128,random_forest,30.23080366612941
new_periods,129,naive,86.0430613106729
new_periods,129,ar1,53.44937685836431
new_periods,129,random_forest,56.186263103176294
new_periods,130,naive,38.94813281297583
new_periods,130,ar1,26.61764520021107
new_periods,130,random_forest,28.077989422425258
new_periods,131,naive,86.0430613106729
new_periods,131,ar1,53.44937685836431
new_periods,131,random_forest,56.186263103176294
new_periods,132,naive,34.75658093011162
new_periods,132,ar1,23.91969827824796
new_periods,132,random_forest,25.26443397611587
new_periods,133,naive,86.0430613106729
new_periods,133,ar1,53.44937685836431
new_periods,133,random_forest,56.1862631031763
new_periods,134,naive,59.80991413008417
new_periods,134,ar1,41.206173502102125
new_periods,134,random_forest,42.822022142615374
new_periods,135,naive,86.0430613106729
new_periods,135,ar1,53.44937685836431
new_periods,135,random_forest,56.186263103176294
new_periods,136,naive,68.8958099817459
new_periods,136,ar1,48.61768199673503
new_periods,136,random_forest,48.36605385454021
new_periods,137,naive,86.0430613106729
new_periods,137,ar1,53.44937685836431
new_periods,137,random_forest,56.186263103176294
new_periods,138,naive,56.20553010581355
new_periods,138,ar1,35.20456814927789
new_periods,138,random_forest,40.80468560118753
new_periods,139,naive,86.0430613106729
new_periods,139,ar1,53.44937685836431
new_periods,139,random_forest,56.186263103176294
new_periods,140,naive,42.757604646320395
new_periods,140,ar1,28.9948570439541
new_periods,140,random_forest,28.666778831765583
new_periods,141,naive,86.0430613106729
new_periods,141,ar1,53.44937685836431
new_periods,141,random_forest,56.186263103176294
new_periods,142,naive,34.75658093011162
new_periods,142,ar1,23.91969827824796
new_periods,142,random_forest,25.26443397611587
new_periods,143,naive,86.0430613106729
new_periods,143,ar1,53.44937685836431
new_periods,143,random_forest,56.186263103176294
new_periods,144,naive,47.0545519878681
new_periods,144,ar1,38.184837969044764
new_periods,144,random_forest,37.16416185344243
new_periods,145,naive,86.0430613106729
new_periods,145,ar1,53.44937685836431
new_periods,145,random_forest,56.186263103176294
new_periods,146,naive,60.337094676879246
new_periods,146,ar1,37.72256045714649
new_periods,146,random_forest,43.76889183767115
new_periods,147,naive,86.0430613106729
new_periods,147,ar1,53.44937685836431
new_periods,147,random_forest,56.186263103176294
new_periods,148,naive,44.44931518953252
new_periods,148,ar1,30.501920526797505
new_periods,148,random_forest,32.17589402207779
new_periods,149,naive,86.0430613106729
new_periods,149,ar1,53.44937685836431
new_periods,149,random_forest,56.186263103176294
new_periods,150,naive,49.16041940141227
new_periods,150,ar1,32.55153230809587
new_periods,150,random_forest,28.069050157140364
new_periods,151,naive,86.0430613106729
new_periods,151,ar1,53.44937685836431
new_periods,151,random_forest,56.186263103176294
new_periods,152,naive,73.25847044615536
new_periods,152,ar1,46.29985517046925
new_periods,152,random_forest,41.405058644592344
new_periods,153,naive,86.0430613106729
new_periods,153,ar1,53.44937685836431
new_periods,153,random_forest,56.186263103176294
new_periods,154,naive,54.79100199933364
new_periods,154,ar1,34.91990093248796
new_periods,154,random_forest,40.995211000834814
new_periods,155,naive,86.0430613106729
new_periods,155,ar1,53.44937685836431
new_periods,155,random_forest,56.186263103176294
new_periods,156,naive,46.44548350285677
new_periods,156,ar1,31.072544150653915
new_periods,156,random_forest,33.81354860020222
new_periods,157,naive,86.0430613106729
new_periods,157,ar1,53.44937685836431
new_periods,157,random_forest,56.186263103176294
new_periods,158,naive,45.326855604439594
new_periods,158,ar1,38.43809099626397
new_periods,158,random_forest,33.74271077117427
new_periods,159,naive,86.0430613106729
new_periods,159,ar1,53.44937685836431
new_periods,159,random_forest,56.186263103176294
new_periods,160,naive,64.57752330062682
new_periods,160,ar1,43.5486606882736
new_periods,160,random_forest,43.99979501931687
new_periods,161,naive,86.0430613106729
new_periods,161,ar1,53.44937685836431
new_periods,161,random_forest,56.186263103176294
new_periods,162,naive,29.566912568840937
new_periods,162,ar1,20.474414702944383
new_periods,162,random_forest,20.889854928891623
new_periods,163,naive,86.0430613106729
new_periods,163,ar1,53.44937685836431
new_periods,163,random_forest,56.186263103176294
new_periods,164,naive,73.13017778134015
new_periods,164,ar1,54.8606785145712
new_periods,164,random_forest,68.38070533929256
new_periods,165,naive,86.0430613106729
new_periods,165,ar1,53.44937685836431
new_periods,165,random_forest,56.186263103176294
new_periods,166,naive,29.60959692742623
new_periods,166,ar1,19.03790571547885
new_periods,166,random_forest,20.585318546607926
new_periods,167,naive,86.0430613106729
new_periods,167,ar1,53.44937685836431
new_periods,167,random_forest,56.186263103176294
new_periods,168,naive,49.6202153770736
new_periods,168,ar1,32.44950231446716
new_periods,168,random_forest,36.460192487474906
new_periods,169,naive,86.0430613106729
new_periods,169,ar1,53.44937685836431
new_periods,169,random_forest,56.186263103176294
new_periods,170,naive,47.0545519878681
new_periods,170,ar1,38.184837969044764
new_periods,170,random_forest,37.16416185344244
new_periods,171,naive,86.0430613106729
new_periods,171,ar1,53.44937685836431
new_periods,171,random_forest,56.186263103176294
new_periods,172,naive,47.0545519878681
new_periods,172,ar1,38.184837969044764
new_periods,172,random_forest,37.16416185344243
new_periods,173,naive,86.0430613106729
new_periods,173,ar1,53.44937685836431
new_periods,173,random_forest,56.186263103176294
new_periods,174,naive,85.12255564038568
new_periods,174,ar1,52.915422863312145
new_periods,174,random_forest,55.97297388191426
new_periods,175,naive,86.0430613106729
new_periods,175,ar1,53.44937685836431
new_periods,175,random_forest,56.186263103176294
new_periods,176,naive,67.88926164739286
new_periods,176,ar1,46.54875591973825
new_periods,176,random_forest,46.557667809124766
new_periods,177,naive,86.0430613106729
new_periods,177,ar1,53.44937685836431
new_periods,177,random_forest,56.186263103176294
new_periods,178,naive,42.757604646320395
new_periods,178,ar1,28.9948570439541
new_periods,178,random_forest,28.666778831765583
new_periods,179,naive,86.0430613106729
new_periods,179,ar1,53.44937685836431
new_periods,179,random_forest,56.186263103176294
new_periods,180,naive,46.44548350285677
new_periods,180,ar1,31.072544150653915
new_periods,180,random_forest,33.81354860020222
new_periods,181,naive,86.0430613106729
new_periods,181,ar1,53.44937685836431
new_periods,181,random_forest,56.186263103176294
new_periods,182,naive,43.69377370526296
new_periods,182,ar1,27.55947116409323
new_periods,182,random_forest,31.797614106739935
new_periods,183,naive,86.0430613106729
new_periods,183,ar1,53.44937685836431
new_periods,183,random_forest,56.186263103176294
new_periods,184,naive,29.60959692742623
new_periods,184,ar1,19.03790571547885
new_periods,184,random_forest,20.585318546607926
new_periods,185,naive,86.0430613106729
new_periods,185,ar1,53.44937685836431
new_periods,185,random_forest,56.186263103176294
new_periods,186,naive,40.61524196541723
new_periods,186,ar1,25.902590983704975
new_periods,186,random_forest,26.755404153564815
new_periods,187,naive,86.0430613106729
new_periods,187,ar1,53.44937685836431
new_periods,187,random_forest,56.186263103176294
new_periods,188,naive,62.103863411255524
new_periods,188,ar1,45.85915982470146
new_periods,188,random_forest,47.73931073992295
new_periods,189,naive,86.0430613106729
new_periods,189,ar1,53.44937685836431
new_periods,189,random_forest,56.186263103176294
new_periods,190,naive,41.291651406779316
new_periods,190,ar1,26.195306670583864
new_periods,190,random_forest,27.46787194248243
new_periods,191,naive,86.0430613106729
new_periods,191,ar1,53.44937685836431
new_periods,191,random_forest,56.186263103176294
new_periods,192,naive,86.61703384695906
new_periods,192,ar1,55.321117122277265
new_periods,192,random_forest,59.150539129859034
new_periods,193,naive,86.0430613106729
new_periods,193,ar1,53.44937685836431
new_periods,193,random_forest,56.186263103176294
new_periods,194,naive,73.13017778134015
new_periods,194,ar1,54.8606785145712
new_periods,194,random_forest,68.38070533929256
new_periods,195,naive,86.0430613106729
new_periods,195,ar1,53.44937685836431
new_periods,195,random_forest,56.186263103176294
new_periods,196,naive,41.291651406779316
new_periods,196,ar1,26.195306670583864
new_periods,196,random_forest,27.467871942482436
new_periods,197,naive,86.0430613106729
new_periods,197,ar1,53.44937685836431
new_periods,197,random_forest,56.186263103176294
new_periods,198,naive,29.60959692742623
new_periods,198,ar1,19.03790571547885
new_periods,198,random_forest,20.585318546607926
new_periods,199,naive,86.0430613106729
new_periods,199,ar1,53.44937685836431
new_periods,199,random_forest,56.186263103176294
new_units,0,naive,50.24128205670702
new_units,0,ar1,50.24128205670702
new_units,0,random_forest,43.104478211887944
new_units,1,naive,32.567926066518886
new_units,1,ar1,32.567926066518886
new_units,1,random_forest,21.728467459242683
new_units,2,naive,65.09189236841614
new_units,2,ar1,65.09189236841614
new_units,2,random_forest,38.75848663004793
new_units,3,naive,43.19755770109339
new_units,3,ar1,43.19755770109339
new_units,3,random_forest,25.435635656285047
new_units,4,naive,56.82630162211816
new_units,4,ar1,56.82630162211816
new_units,4,random_forest,40.880524772439145
new_units,5,naive,77.6497068098303
new_units,5,ar1,77.6497068098303
new_units,5,random_forest,48.515131113531744
new_units,6,naive,52.1308589088842
new_units,6,ar1,52.1308589088842
new_units,6,random_forest,31.037007522590596
new_units,7,naive,54.221951001815
new_units,7,ar1,54.221951001815
new_units,7,random_forest,45.90451125552377
new_units,8,naive,38.71109432687159
new_units,8,ar1,38.71109432687159
new_units,8,random_forest,25.790722126573513
new_units,9,naive,61.942963698547324
new_units,9,ar1,61.942963698547324
new_units,9,random_forest,41.667238324399975
new_units,10,naive,61.292512621647724
new_units,10,ar1,61.292512621647724
new_units,10,random_forest,35.706345974094575
new_units,11,naive,66.71990656946971
new_units,11,ar1,66.71990656946971
new_units,11,random_forest,43.268981841194815
new_units,12,naive,35.82931805887679
new_units,12,ar1,35.82931805887679
new_units,12,random_forest,24.478633556637504
new_units,13,naive,67.43786764245024
new_units,13,ar1,67.43786764245024
new_units,13,random_forest,46.174261334637166
new_units,14,naive,56.25783699843527
new_units,14,ar1,56.25783699843527
new_units,14,random_forest,38.41397564404378
new_units,15,naive,49.47923392717423
new_units,15,ar1,49.47923392717423
new_units,15,random_forest,27.859754099973085
new_units,16,naive,34.14118049056044
new_units,16,ar1,34.14118049056044
new_units,16,random_forest,22.0997897397942
new_units,17,naive,38.78462397144218
new_units,17,ar1,38.78462397144218
new_units,17,random_forest,25.79465781122313
new_units,18,naive,67.1715337876077
new_units,18,ar1,67.1715337876077
new_units,18,random_forest,47.7789969118123
new_units,19,naive,35.36814055335715
new_units,19,ar1,35.36814055335715
new_units,19,random_forest,24.105018439520922
new_units,20,naive,47.20789861229652
new_units,20,ar1,47.20789861229652
new_units,20,random_forest,32.19631201166231
new_units,21,naive,38.546843581132066
new_units,21,ar1,38.546843581132066
new_units,21,random_forest,24.586999994799072
new_units,22,naive,120.67380269118539
new_units,22,ar1,120.67380269118539
new_units,22,random_forest,69.87236584882397
new_units,23,naive,41.27023075726644
new_units,23,ar1,41.27023075726644
new_units,23,random_forest,28.38854738086578
new_units,24,naive,40.8491384107813
new_units,24,ar1,40.8491384107813
new_units,24,random_forest,26.7766226911517
new_units,25,naive,35.15817290921962
new_units,25,ar1,35.15817290921962
new_units,25,random_forest,26.427628950047172
new_units,26,naive,47.38880689044832
new_units,26,ar1,47.38880689044832
new_units,26,random_forest,44.11568475659432
new_units,27,naive,45.94166071560371
new_units,27,ar1,45.94166071560371
new_units,27,random_forest,35.40278087111084
new_units,28,naive,25.532826196813556
new_units,28,ar1,25.532826196813556
new_units,28,random_forest,15.73605726307684
new_units,29,naive,72.16922510422596
new_units,29,ar1,72.16922510422596
new_units,29,random_forest,40.887916686024255
new_units,30,naive,59.68839862671039
new_units,30,ar1,59.68839862671039
new_units,30,random_forest,37.22794085779261
new_units,31,naive,41.808322299094655
new_units,31,ar1,41.808322299094655
new_units,31,random_forest,25.838089717293116
new_units,32,naive,45.566334254869446
new_units,32,ar1,45.566334254869446
new_units,32,random_forest,38.31090676284485
new_units,33,naive,35.49211815491967
new_units,33,ar1,35.49211815491967
new_units,33,random_forest,25.627857391584953
new_units,34,naive,47.82674766411523
new_units,34,ar1,47.82674766411523
new_units,34,random_forest,30.638010268224406
new_units,35,naive,41.4476182690443
new_units,35,ar1,41.4476182690443
new_units,35,random_forest,23.97909098489411
new_units,36,naive,63.333523797083366
new_units,36,ar1,63.333523797083366
new_units,36,random_forest,49.24779527564128
new_units,37,naive,50.14555945643324
new_units,37,ar1,50.14555945643324
new_units,37,random_forest,35.41642110635692
new_units,38,naive,44.904553769562746
new_units,38,ar1,44.904553769562746
new_units,38,random_forest,28.713147861828755
new_units,39,naive,31.58723875907262
new_units,39,ar1,31.58723875907262
new_units,39,random_forest,22.396586770846287
new_units,40,naive,42.38031445671392
new_units,40,ar1,42.38031445671392
new_units,40,random_forest,28.552899675244216
new_units,41,naive,43.54976894495925
new_units,41,ar1,43.54976894495925
new_units,41,random_forest,29.211028215397953
new_units,42,naive,69.54033016176771
new_units,42,ar1,69.54033016176771
new_units,42,random_forest,58.63611515777257
new_units,43,naive,50.89567174708211
new_units,43,ar1,50.89567174708211
new_units,43,random_forest,32.591599252232264
new_units,44,naive,78.47651859014123
new_units,44,ar1,78.47651859014123
new_units,44,random_forest,52.86084863208394
new_units,45,naive,32.40724034620702
new_units,45,ar1,32.40724034620702
new_units,45,random_forest,22.104725906634652
new_units,46,naive,62.925917689852525
new_units,46,ar1,62.925917689852525
new_units,46,random_forest,41.55748678082351
new_units,47,naive,40.63268595953893
new_units,47,ar1,40.63268595953893
new_units,47,random_forest,30.35501964286493
new_units,48,naive,61.0267947454887
new_units,48,ar1,61.0267947454887
new_units,48,random_forest,38.072533622658355
new_units,49,naive,37.81530589108187
new_units,49,ar1,37.81530589108187
new_units,49,random_forest,22.265033739118007
new_units,50,naive,56.00676815865302
new_units,50,ar1,56.00676815865302
new_units,50,random_forest,34.64731268547071
new_units,51,naive,121.73414505470947
new_units,51,ar1,121.73414505470947
new_units,51,random_forest,70.79350616331133
new_units,52,naive,57.425368788529866
new_units,52,ar1,57.425368788529866
new_units,52,random_forest,35.84785410227239
new_units,53,naive,48.79557537548957
new_units,53,ar1,48.79557537548957
new_units,53,random_forest,43.10385819995327
new_units,54,naive,80.54996090023887
new_units,54,ar1,80.54996090023887
new_units,54,random_forest,45.49993612308973
new_units,55,naive,72.28781868922309
new_units,55,ar1,72.28781868922309
new_units,55,random_forest,46.48343171702043
new_units,56,naive,53.72099467208919
new_units,56,ar1,53.72099467208919
new_units,56,random_forest,32.604769497862534
new_units,57,naive,28.653914966113742
new_units,57,ar1,28.653914966113742
new_units,57,random_forest,19.816639617193523
new_units,58,naive,81.16196143647835
new_units,58,ar1,81.16196143647835
new_units,58,random_forest,49.81487878530691
new_units,59,naive,49.25846460510128
new_units,59,ar1,49.25846460510128
new_units,59,random_forest,29.212395529138192
new_units,60,naive,86.77194391024135
new_units,60,ar1,86.77194391024135
new_units,60,random_forest,58.760095868870266
new_units,61,naive,83.34203375025506
new_units,61,ar1,83.34203375025506
new_units,61,random_forest,44.78664913552548
new_units,62,naive,43.74144808704089
new_units,62,ar1,43.74144808704089
new_units,62,random_forest,29.53582859237718
new_units,63,naive,49.43998458895648
new_units,63,ar1,49.43998458895648
new_units,63,random_forest,27.43227946096617
new_units,64,naive,42.25809755027737
new_units,64,ar1,42.25809755027737
new_units,64,random_forest,37.178829087929905
new_units,65,naive,53.52298117920904
new_units,65,ar1,53.52298117920904
new_units,65,random_forest,37.936962200098655
new_units,66,naive,39.94518362675131
new_units,66,ar1,39.94518362675131
new_units,66,random_forest,28.841193651343588
new_units,67,naive,48.412981519989046
new_units,67,ar1,48.412981519989046
new_units,67,random_forest,41.343797019844494
new_units,68,naive,79.32619951840665
new_units,68,ar1,79.32619951840665
new_units,68,random_forest,46.61948375641154
new_units,69,naive,66.54392297806297
new_units,69,ar1,66.54392297806297
new_units,69,random_forest,44.89585312712119
new_units,70,naive,85.20406854360576
new_units,70,ar1,85.20406854360576
new_units,70,random_forest,49.74728127891718
new_units,71,naive,24.41979101527529
new_units,71,ar1,24.41979101527529
new_units,71,random_forest,17.7868327362291
new_units,72,naive,38.812319665514714
new_units,72,ar1,38.812319665514714
new_units,72,random_forest,37.44211419030707
new_units,73,naive,71.79340661496029
new_units,73,ar1,71.79340661496029
new_units,73,random_forest,32.253061711334404
new_units,74,naive,46.951425771905136
new_units,74,ar1,46.951425771905136
new_units,74,random_forest,33.17572588716684
new_units,75,naive,52.3702840864469
new_units,75,ar1,52.3702840864469
new_units,75,random_forest,33.117176802237
new_units,76,naive,140.94966611765273
new_units,76,ar1,140.94966611765273
new_units,76,random_forest,80.38531982925888
new_units,77,naive,40.78999902401255
new_units,77,ar1,40.78999902401255
new_units,77,random_forest,29.177615528279034
new_units,78,naive,72.45074613319224
new_units,78,ar1,72.45074613319224
new_units,78,random_forest,49.85121688896312
new_units,79,naive,68.17525012063639
new_units,79,ar1,68.17525012063639
new_units,79,random_forest,34.567142034130015
new_units,80,naive,59.084042168240515
new_units,80,ar1,59.084042168240515
new_units,80,random_forest,39.317828461051455
new_units,81,naive,36.40392836645795
new_units,81,ar1,36.40392836645795
new_units,81,random_forest,26.652459431618688
new_units,82,naive,52.33884428085938
new_units,82,ar1,52.33884428085938
new_units,82,random_forest,34.31244310576648
new_units,83,naive,76.9346030834174
new_units,83,ar1,76.9346030834174
new_units,83,random_forest,45.55853477255531
new_units,84,naive,32.310016467111524
new_units,84,ar1,32.310016467111524
new_units,84,random_forest,25.55310142898551
new_units,85,naive,39.13872243018427
new_units,85,ar1,39.13872243018427
new_units,85,random_forest,24.239816190225856
new_units,86,naive,66.23612632350753
new_units,86,ar1,66.23612632350753
new_units,86,random_forest,49.61222049608757
new_units,87,naive,53.15864266063435
new_units,87,ar1,53.15864266063435
new_units,87,random_forest,38.851257696263126
new_units,88,naive,48.25552347615234
new_units,88,ar1,48.25552347615234
new_units,88,random_forest,32.975683460446795
new_units,89,naive,48.7271066294832
new_units,89,ar1,48.7271066294832
new_units,89,random_forest,34.90959325225419
new_units,90,naive,42.2207611992651
new_units,90,ar1,42.2207611992651
new_units,90,random_forest,24.687897793138344
new_units,91,naive,105.63869278366877
new_units,91,ar1,105.63869278366877
new_units,91,random_forest,73.22016110126356
new_units,92,naive,31.626806332518854
new_units,92,ar1,31.626806332518854
new_units,92,random_forest,25.279117518494257
new_units,93,naive,70.18507400203282
new_units,93,ar1,70.18507400203282
new_units,93,random_forest,43.22141722372404
new_units,94,naive,66.80555354080983
new_units,94,ar1,66.80555354080983
new_units,94,random_forest,40.430292993494355
new_units,95,naive,83.18809953797292
new_units,95,ar1,83.18809953797292
new_units,95,random_forest,53.48835171643627
new_units,96,naive,23.863272889704632
new_units,96,ar1,23.863272889704632
new_units,96,random_forest,17.27286094691008
new_units,97,naive,38.11162520672051
new_units,97,ar1,38.11162520672051
new_units,97,random_forest,25.183317828774005
new_units,98,naive,52.26893036692774
new_units,98,ar1,52.26893036692774
new_units,98,random_forest,37.769977118038526
new_units,99,naive,56.290878365855384
new_units,99,ar1,56.290878365855384
new_units,99,random_forest,33.405889770652145
new_units,100,naive,75.03753715390579
new_units,100,ar1,75.03753715390579
new_units,100,random_forest,43.01476364511021
new_units,101,naive,47.25489771383778
new_units,101,ar1,47.25489771383778
new_units,101,random_forest,35.018829824623595
new_units,102,naive,61.337167430738816
new_units,102,ar1,61.337167430738816
new_units,102,random_forest,32.272754208175975
new_units,103,naive,94.80830878062888
new_units,103,ar1,94.80830878062888
new_units,103,random_forest,60.33674393225902
new_units,104,naive,55.88854960954066
new_units,104,ar1,55.88854960954066
new_units,104,random_forest,39.11910355743065
new_units,105,naive,32.61652360686468
new_units,105,ar1,32.61652360686468
new_units,105,random_forest,25.55780950835161
new_units,106,naive,40.573806042950686
new_units,106,ar1,40.573806042950686
new_units,106,random_forest,27.270345796413807
new_units,107,naive,33.23003990665444
new_units,107,ar1,33.23003990665444
new_units,107,random_forest,23.976086820696324
new_units,108,naive,34.479817143311784
new_units,108,ar1,34.479817143311784
new_units,108,random_forest,21.379850762066255
new_units,109,naive,58.58631486273795
new_units,109,ar1,58.58631486273795
new_units,109,random_forest,43.888344313204094
new_units,110,naive,100.98292503121199
new_units,110,ar1,100.98292503121199
new_units,110,random_forest,68.43474860320256
new_units,111,naive,99.505850156573
new_units,111,ar1,99.505850156573
new_units,111,random_forest,58.79314824778607
new_units,112,naive,29.717101322762396
new_units,112,ar1,29.717101322762396
new_units,112,random_forest,19.2974378753826
new_units,113,naive,75.7205224470852
new_units,113,ar1,75.7205224470852
new_units,113,random_forest,58.27907235939777
new_units,114,naive,35.9603646485777
new_units,114,ar1,35.9603646485777
new_units,114,random_forest,27.166237099403574
new_units,115,naive,40.56565416249459
new_units,115,ar1,40.56565416249459
new_units,115,random_forest,27.440818500353252
new_units,116,naive,30.219029750612396
new_units,116,ar1,30.219029750612396
new_units,116,random_forest,20.354707362251798
new_units,117,naive,64.09382028458997
new_units,117,ar1,64.09382028458997
new_units,117,random_forest,43.20855363412971
new_units,118,naive,72.49560413839122
new_units,118,ar1,72.49560413839122
new_units,118,random_forest,44.99848964018607
new_units,119,naive,69.71528722819775
new_units,119,ar1,69.71528722819775
new_units,119,random_forest,38.4108936463588
new_units,120,naive,63.62989444578192
new_units,120,ar1,63.62989444578192
new_units,120,random_forest,39.881045667440894
new_units,121,naive,28.710858302267024
new_units,121,ar1,28.710858302267024
new_units,121,random_forest,21.656600063162724
new_units,122,naive,41.83956255334068
new_units,122,ar1,41.83956255334068
new_units,122,random_forest,27.288485146862744
new_units,123,naive,35.57967524808207
new_units,123,ar1,35.57967524808207
new_units,123,random_forest,24.743707734594295
new_units,124,naive,52.04074679648005
new_units,124,ar1,52.04074679648005
new_units,124,random_forest,39.57159263794193
new_units,125,naive,66.0803437939899
new_units,125,ar1,66.0803437939899
new_units,125,random_forest,52.26250056722706
new_units,126,naive,75.72576266151722
new_units,126,ar1,75.72576266151722
new_units,126,random_forest,44.47490106043894
new_units,127,naive,60.81138455957312
new_units,127,ar1,60.81138455957312
new_units,127,random_forest,34.242729409123164
new_units,128,naive,22.79764849049232
new_units,128,ar1,22.79764849049232
new_units,128,random_forest,14.80019464845814
new_units,129,naive,64.5993323840719
new_units,129,ar1,64.5993323840719
new_units,129,random_forest,37.52119339458071
new_units,130,naive,28.039528855317375
new_units,130,ar1,28.039528855317375
new_units,130,random_forest,19.017903218916523
new_units,131,naive,53.45913465735789
new_units,131,ar1,53.45913465735789
new_units,131,random_forest,36.082183396535186
new_units,132,naive,41.58416666104643
new_units,132,ar1,41.58416666104643
new_units,132,random_forest,25.581502447623098
new_units,133,naive,29.107822747627395
new_units,133,ar1,29.107822747627395
new_units,133,random_forest,18.79610639632804
new_units,134,naive,51.81326594575784
new_units,134,ar1,51.81326594575784
new_units,134,random_forest,31.696885026291014
new_units,135,naive,63.508640993479645
new_units,135,ar1,63.508640993479645
new_units,135,random_forest,36.55338767493571
new_units,136,naive,59.65423194792883
new_units,136,ar1,59.65423194792883
new_units,136,random_forest,32.7879473482532
new_units,137,naive,57.039340630708836
new_units,137,ar1,57.039340630708836
new_units,137,random_forest,37.00491811207678
new_units,138,naive,73.58612929401417
new_units,138,ar1,73.58612929401417
new_units,138,random_forest,45.38517300789749
new_units,139,naive,82.01612207090356
new_units,139,ar1,82.01612207090356
new_units,139,random_forest,49.695028114261
new_units,140,naive,64.52205774843851
new_units,140,ar1,64.52205774843851
new_units,140,random_forest,37.62606855394156
new_units,141,naive,32.388560847667264
new_units,141,ar1,32.388560847667264
new_units,141,random_forest,25.213476214653117
new_units,142,naive,28.225103638963546
new_units,142,ar1,28.225103638963546
new_units,142,random_forest,18.434487549745413
new_units,143,naive,74.39930198593022
new_units,143,ar1,74.39930198593022
new_units,143,random_forest,62.231893948210924
new_units,144,naive,59.43681942415882
new_units,144,ar1,59.43681942415882
new_units,144,random_forest,49.8789310394553
new_units,145,naive,93.62089218023804
new_units,145,ar1,93.62089218023804
new_units,145,random_forest,56.453112110704154
new_units,146,naive,24.320533448790737
new_units,146,ar1,24.320533448790737
new_units,146,random_forest,18.06334275197244
new_units,147,naive,85.30789403029577
new_units,147,ar1,85.30789403029577
new_units,147,random_forest,48.42968929754478
new_units,148,naive,31.280769818417955
new_units,148,ar1,31.280769818417955
new_units,148,random_forest,21.635489261388024
new_units,149,naive,109.42620574925039
new_units,149,ar1,109.42620574925039
new_units,149,random_forest,65.59312036564899
new_units,150,naive,75.72148450243488
new_units,150,ar1,75.72148450243488
new_units,150,random_forest,39.62368778134158
new_units,151,naive,45.71941623531185
new_units,151,ar1,45.71941623531185
new_units,151,random_forest,31.311966517900427
new_units,152,naive,42.10269457694128
new_units,152,ar1,42.10269457694128
new_units,152,random_forest,26.870199720054035
new_units,153,naive,53.814756062626174
new_units,153,ar1,53.814756062626174
new_units,153,random_forest,28.70604933952955
new_units,154,naive,41.240143404163696
new_units,154,ar1,41.240143404163696
new_units,154,random_forest,29.955075110086593
new_units,155,naive,54.39877260041898
new_units,155,ar1,54.39877260041898
new_units,155,random_forest,31.880209947213714
new_units,156,naive,54.747562044629774
new_units,156,ar1,54.747562044629774
new_units,156,random_forest,35.65601439599269
new_units,157,naive,48.3063714464777
new_units,157,ar1,48.3063714464777
new_units,157,random_forest,27.27463233108179
new_units,158,naive,30.600114299655527
new_units,158,ar1,30.600114299655527
new_units,158,random_forest,20.99041144652652
new_units,159,naive,74.20564970952698
new_units,159,ar1,74.20564970952698
new_units,159,random_forest,41.74383248346987
new_units,160,naive,36.831321066027364
new_units,160,ar1,36.831321066027364
new_units,160,random_forest,27.86866681542279
new_units,161,naive,85.71300489599834
new_units,161,ar1,85.71300489599834
new_units,161,random_forest,45.74206587064406
new_units,162,naive,96.7433938614197
new_units,162,ar1,96.7433938614197
new_units,162,random_forest,46.90225230226284
new_units,163,naive,38.35151243756488
new_units,163,ar1,38.35151243756488
new_units,163,random_forest,24.17074055990081
new_units,164,naive,46.08921901562904
new_units,164,ar1,46.08921901562904
new_units,164,random_forest,30.57756618887415
new_units,165,naive,68.06839132696942
new_units,165,ar1,68.06839132696942
new_units,165,random_forest,48.31556607694281
new_units,166,naive,44.64534933012643
new_units,166,ar1,44.64534933012643
new_units,166,random_forest,27.632749029206167
new_units,167,naive,37.082130188075865
new_units,167,ar1,37.082130188075865
new_units,167,random_forest,28.99897192061348
new_units,168,naive,54.24753353046901
new_units,168,ar1,54.24753353046901
new_units,168,random_forest,32.46633442824955
new_units,169,naive,54.25674232091472
new_units,169,ar1,54.25674232091472
new_units,169,random_forest,45.40664389186524
new_units,170,naive,37.2313692275617
new_units,170,ar1,37.2313692275617
new_units,170,random_forest,25.952192781765504
new_units,171,naive,58.39150782335761
new_units,171,ar1,58.39150782335761
new_units,171,random_forest,44.264130664325506
new_units,172,naive,28.43550753559529
new_units,172,ar1,28.43550753559529
new_units,172,random_forest,21.73327752708634
new_units,173,naive,38.61974967213331
new_units,173,ar1,38.61974967213331
new_units,173,random_forest,24.838710483077183
new_units,174,naive,38.69424865306997
new_units,174,ar1,38.69424865306997
new_units,174,random_forest,25.150493716548084
new_units,175,naive,59.492894723550656
new_units,175,ar1,59.492894723550656
new_units,175,random_forest,35.34579715684759
new_units,176,naive,63.34275145722193
new_units,176,ar1,63.34275145722193
new_units,176,random_forest,39.93443843573625
new_units,177,naive,55.411952880037475
new_units,177,ar1,55.411952880037475
new_units,177,random_forest,34.430430059849776
new_units,178,naive,38.869719135875194
new_units,178,ar1,38.869719135875194
new_units,178,random_forest,26.239363509566058
new_units,179,naive,43.25111347071417
new_units,179,ar1,43.25111347071417
new_units,179,random_forest,29.83902532736597
new_units,180,naive,31.642873456604704
new_units,180,ar1,31.642873456604704
new_units,180,random_forest,23.808969254713496
new_units,181,naive,52.44769750293282
new_units,181,ar1,52.44769750293282
new_units,181,random_forest,31.845110752959364
new_units,182,naive,53.353691844146944
new_units,182,ar1,53.353691844146944
new_units,182,random_forest,31.84080559428261
new_units,183,naive,56.575214760396676
new_units,183,ar1,56.575214760396676
new_units,183,random_forest,30.45929567253755
new_units,184,naive,72.20144153998396
new_units,184,ar1,72.20144153998396
new_units,184,random_forest,35.5653090937311
new_units,185,naive,32.126306513779426
new_units,185,ar1,32.126306513779426
new_units,185,random_forest,22.530210766836074
new_units,186,naive,38.13230166947988
new_units,186,ar1,38.13230166947988
new_units,186,random_forest,26.57963818449657
new_units,187,naive,90.99250203768585
new_units,187,ar1,90.99250203768585
new_units,187,random_forest,52.75599992705455
new_units,188,naive,38.56153118782312
new_units,188,ar1,38.56153118782312
new_units,188,random_forest,25.12513030163946
new_units,189,naive,46.08285411804212
new_units,189,ar1,46.08285411804212
new_units,189,random_forest,37.67389920908398
new_units,190,naive,35.39323527458456
new_units,190,ar1,35.39323527458456
new_units,190,random_forest,25.43592960323365
new_units,191,naive,43.744100763214185
new_units,191,ar1,43.744100763214185
new_units,191,random_forest,25.36305847757405
new_units,192,naive,34.66603060731087
new_units,192,ar1,34.66603060731087
new_units,192,random_forest,23.769346834717407
new_units,193,naive,78.61928563357696
new_units,193,ar1,78.61928563357696
new_units,193,random_forest,50.84195002528623
new_units,194,naive,54.94532955883048
new_units,194,ar1,54.94532955883048
new_units,194,random_forest,32.92297141113332
new_units,195,naive,34.218315078464386
new_units,195,ar1,34.218315078464386
new_units,195,random_forest,22.291856573634764
new_units,196,naive,89.94609396695697
new_units,196,ar1,89.94609396695697
new_units,196,random_forest,53.436035426593826
new_units,197,naive,81.17109566711365
new_units,197,ar1,81.17109566711365
new_units,197,random_forest,51.33792629057674
new_units,198,naive,31.43421418054439
new_units,198,ar1,31.43421418054439
new_units,198,random_forest,21.398432676210327
new_units,199,naive,42.01027388335314
new_units,199,ar1,42.01027388335314
new_units,199,random_forest,24.523382166987577
