design,method_a,method_b,mean_a,mean_b,t_stat,p_value
random_rows,naive,random_forest,54.20304511054858,33.57678450928744,34.36830433382046,1.2522173818333787e-85
random_rows,ar1,naive,38.783864055072016,54.20304511054858,-30.44071550108585,8.231663641496525e-77
random_rows,ar1,random_forest,38.783864055072016,33.57678450928744,12.338865920598822,2.3881903947769663e-26
new_periods,naive,random_forest,69.70387746449126,47.430630997871994,32.763135170999256,4.1071775599845553e-82
new_periods,ar1,naive,45.14283496619871,69.70387746449126,-35.741745742100925,1.51715409000006e-88
new_periods,ar1,random_forest,45.14283496619871,47.430630997871994,-7.496867361941308,2.108294617977278e-12
new_units,naive,random_forest,54.4954441760398,35.52623512790743,26.245921218516354,1.5227315228997893e-66
new_units,ar1,naive,54.4954441760398,54.4954441760398,,
new_units,ar1,random_forest,54.4954441760398,35.52623512790743,26.245921218516354,1.5227315228997893e-66
