replication,hold_years,min_hold_year,max_hold_year,contains_crisis_year,asep_naive,asep_ar1,asep_rf
0,"[np.int64(1967), np.int64(1968), np.int64(1969), np.int64(1970), np.int64(1971), np.int64(1972)]",1967,1972,False,50.8828384967288,38.73357272760046,36.489210533830615
1,"[np.int64(2020), np.int64(2021), np.int64(2022), np.int64(2023), np.int64(2024), np.int64(2025)]",2020,2025,True,86.0430613106729,53.44937685836431,56.186263103176294
2,"[np.int64(2000), np.int64(2001), np.int64(2002), np.int64(2003), np.int64(2004), np.int64(2005)]",2000,2005,False,40.61524196541723,25.902590983704975,26.755404153564815
3,"[np.int64(2020), np.int64(2021), np.int64(2022), np.int64(2023), np.int64(2024), np.int64(2025)]",2020,2025,True,86.0430613106729,53.44937685836431,56.186263103176294
4,"[np.int64(1991), np.int64(1992), np.int64(1993), np.int64(1994), np.int64(1995), np.int64(1996)]",1991,1996,False,83.97768043760246,54.99903211045471,67.37064188273845
5,"[np.int64(2020), np.int64(2021), np.int64(2022), np.int64(2023), np.int64(2024), np.int64(2025)]",2020,2025,True,86.0430613106729,53.44937685836431,56.186263103176294
6,"[np.int64(1969), np.int64(1970), np.int64(1971), np.int64(1972), np.int64(1973), np.int64(1974)]",1969,1974,False,61.49580062053276,46.77509251331203,46.00890247664489
7,"[np.int64(2020), np.int64(2021), np.int64(2022), np.int64(2023), np.int64(2024), np.int64(2025)]",2020,2025,True,86.0430613106729,53.44937685836431,56.186263103176294
8,"[np.int64(2007), np.int64(2008), np.int64(2009), np.int64(2010), np.int64(2011), np.int64(2012)]",2007,2012,True,42.757604646320395,28.9948570439541,28.666778831765583
9,"[np.int64(2020), np.int64(2021), np.int64(2022), np.int64(2023), np.int64(2024), np.int64(2025)]",2020,2025,True,86.0430613106729,53.44937685836431,56.186263103176294
10,"[np.int64(2017), np.int64(2018), np.int64(2019), np.int64(2020), np.int64(2021), np.int64(2022)]",2017,2022,True,79.66310326826276,49.37650105261494,47.41400244067638
11,"[np.int64(2020), np.int64(2021), np.int64(2022), np.int64(2023), np.int64(2024), np.int64(2025)]",2020,2025,True,86.0430613106729,53.44937685836431,56.186263103176294
12,"[np.int64(1980), np.int64(1981), np.int64(1982), np.int64(1983), np.int64(1984), np.int64(1985)]",1980,1985,False,42.2954773651718,27.998669506897382,30.683164211678346
13,"[np.int64(2020), np.int64(2021), np.int64(2022), np.int64(2023), np.int64(2024), np.int64(2025)]",2020,2025,True,86.0430613106729,53.44937685836431,56.186263103176294
14,"[np.int64(1983), np.int64(1984), np.int64(1985), np.int64(1986), np.int64(1987), np.int64(1988)]",1983,1988,False,34.595995061493255,23.856453567877605,26.175464280820087
15,"[np.int64(2020), np.int64(2021), np.int64(2022), np.int64(2023), np.int64(2024), np.int64(2025)]",2020,2025,True,86.0430613106729,53.44937685836431,56.186263103176294
16,"[np.int64(1991), np.int64(1992), np.int64(1993), np.int64(1994), np.int64(1995), np.int64(1996)]",1991,1996,False,83.97768043760246,54.99903211045471,67.37064188273845
17,"[np.int64(2020), np.int64(2021), np.int64(2022), np.int64(2023), np.int64(2024), np.int64(2025)]",2020,2025,True,86.0430613106729,53.44937685836431,56.186263103176294
18,"[np.int64(1972), np.int64(1973), np.int64(1974), np.int64(1975), np.int64(1976), np.int64(1977)]",1972,1977,False,64.57752330062682,43.5486606882736,43.99979501931686
19,"[np.int64(2020), np.int64(2021), np.int64(2022), np.int64(2023), np.int64(2024), np.int64(2025)]",2020,2025,True,86.0430613106729,53.44937685836431,56.186263103176294
20,"[np.int64(1987), np.int64(1988), np.int64(1989), np.int64(1990), np.int64(1991), np.int64(1992)]",1987,1992,False,82.2367238613389,54.046540044307996,54.67567882360251
21,"[np.int64(2020), np.int64(2021), np.int64(2022), np.int64(2023), np.int64(2024), np.int64(2025)]",2020,2025,True,86.0430613106729,53.44937685836431,56.186263103176294
22,"[np.int64(1991), np.int64(1992), np.int64(1993), np.int64(1994), np.int64(1995), np.int64(1996)]",1991,1996,False,83.97768043760246,54.99903211045471,67.37064188273845
23,"[np.int64(2020), np.int64(2021), np.int64(2022), np.int64(2023), np.int64(2024), np.int64(2025)]",2020,2025,True,86.0430613106729,53.44937685836431,56.186263103176294
24,"[np.int64(2016), np.int64(2017), np.int64(2018), np.int64(2019), np.int64(2020), np.int64(2021)]",2016,2021,True,73.25847044615536,46.29985517046925,41.40505864459235
25,"[np.int64(2020), np.int64(2021), np.int64(2022), np.int64(2023), np.int64(2024), np.int64(2025)]",2020,2025,True,86.0430613106729,53.44937685836431,56.186263103176294
26,"[np.int64(1990), np.int64(1991), np.int64(1992), np.int64(1993), np.int64(1994), np.int64(1995)]",1990,1995,False,92.72242539090473,58.93527903986021,78.94585111826294
27,"[np.int64(2020), np.int64(2021), np.int64(2022), np.int64(2023), np.int64(2024), np.int64(2025)]",2020,2025,True,86.0430613106729,53.44937685836431,56.186263103176294
28,"[np.int64(1999), np.int64(2000), np.int64(2001), np.int64(2002), np.int64(2003), np.int64(2004)]",1999,2004,False,41.291651406779316,26.195306670583864,27.467871942482436
29,"[np.int64(2020), np.int64(2021), np.int64(2022), np.int64(2023), np.int64(2024), np.int64(2025)]",2020,2025,True,86.0430613106729,53.44937685836431,56.186263103176294
30,"[np.int64(2017), np.int64(2018), np.int64(2019), np.int64(2020), np.int64(2021), np.int64(2022)]",2017,2022,True,79.66310326826276,49.37650105261494,47.41400244067638
31,"[np.int64(2020), np.int64(2021), np.int64(2022), np.int64(2023), np.int64(2024), np.int64(2025)]",2020,2025,True,86.0430613106729,53.44937685836431,56.186263103176294
32,"[np.int64(1973), np.int64(1974), np.int64(1975), np.int64(1976), np.int64(1977), np.int64(1978)]",1973,1978,False,64.4022597616987,41.281103154371095,42.91884395927278
33,"[np.int64(2020), np.int64(2021), np.int64(2022), np.int64(2023), np.int64(2024), np.int64(2025)]",2020,2025,True,86.0430613106729,53.44937685836431,56.186263103176294
34,"[np.int64(1994), np.int64(1995), np.int64(1996), np.int64(1997), np.int64(1998), np.int64(1999)]",1994,1999,False,68.8958099817459,48.61768199673503,48.36605385454021
35,"[np.int64(2020), np.int64(2021), np.int64(2022), np.int64(2023), np.int64(2024), np.int64(2025)]",2020,2025,True,86.0430613106729,53.44937685836431,56.186263103176294
36,"[np.int64(2004), np.int64(2005), np.int64(2006), np.int64(2007), np.int64(2008), np.int64(2009)]",2004,2009,True,31.987834319430696,22.107233503526786,23.880112146830882
37,"[np.int64(2020), np.int64(2021), np.int64(2022), np.int64(2023), np.int64(2024), np.int64(2025)]",2020,2025,True,86.0430613106729,53.44937685836431,56.186263103176294
38,"[np.int64(2014), np.int64(2015), np.int64(2016), np.int64(2017), np.int64(2018), np.int64(2019)]",2014,2019,False,20.677813232252284,17.364293624563395,48.718069875059115
39,"[np.int64(2020), np.int64(2021), np.int64(2022), np.int64(2023), np.int64(2024), np.int64(2025)]",2020,2025,True,86.0430613106729,53.44937685836431,56.186263103176294
40,"[np.int64(2003), np.int64(2004), np.int64(2005), np.int64(2006), np.int64(2007), np.int64(2008)]",2003,2008,True,29.191695032100686,19.7458306306205,24.101949624730803
41,"[np.int64(2020), np.int64(2021), np.int64(2022), np.int64(2023), np.int64(2024), np.int64(2025)]",2020,2025,True,86.0430613106729,53.44937685836431,56.186263103176294
42,"[np.int64(1999), np.int64(2000), np.int64(2001), np.int64(2002), np.int64(2003), np.int64(2004)]",1999,2004,False,41.291651406779316,26.195306670583864,27.467871942482436
43,"[np.int64(2020), np.int64(2021), np.int64(2022), np.int64(2023), np.int64(2024), np.int64(2025)]",2020,2025,True,86.0430613106729,53.44937685836431,56.186263103176294
44,"[np.int64(2017), np.int64(2018), np.int64(2019), np.int64(2020), np.int64(2021), np.int64(2022)]",2017,2022,True,79.66310326826276,49.37650105261494,47.41400244067638
45,"[np.int64(2020), np.int64(2021), np.int64(2022), np.int64(2023), np.int64(2024), np.int64(2025)]",2020,2025,True,86.0430613106729,53.44937685836431,56.186263103176294
46,"[np.int64(1991), np.int64(1992), np.int64(1993), np.int64(1994), np.int64(1995), np.int64(1996)]",1991,1996,False,83.97768043760246,54.99903211045471,67.37064188273847
47,"[np.int64(2020), np.int64(2021), np.int64(2022), np.int64(2023), np.int64(2024), np.int64(2025)]",2020,2025,True,86.0430613106729,53.44937685836431,56.186263103176294
48,"[np.int64(2000), np.int64(2001), np.int64(2002), np.int64(2003), np.int64(2004), np.int64(2005)]",2000,2005,False,40.61524196541723,25.902590983704975,26.755404153564815
49,"[np.int64(2020), np.int64(2021), np.int64(2022), np.int64(2023), np.int64(2024), np.int64(2025)]",2020,2025,True,86.0430613106729,53.44937685836431,56.186263103176294
50,"[np.int64(1988), np.int64(1989), np.int64(1990), np.int64(1991), np.int64(1992), np.int64(1993)]",1988,1993,False,86.61703384695906,55.321117122277265,59.150539129859034
51,"[np.int64(2020), np.int64(2021), np.int64(2022), np.int64(2023), np.int64(2024), np.int64(2025)]",2020,2025,True,86.0430613106729,53.44937685836431,56.186263103176294
52,"[np.int64(1964), np.int64(1965), np.int64(1966), np.int64(1967), np.int64(1968), np.int64(1969)]",1964,1969,False,45.326855604439594,38.43809099626397,33.74271077117427
53,"[np.int64(2020), np.int64(2021), np.int64(2022), np.int64(2023), np.int64(2024), np.int64(2025)]",2020,2025,True,86.0430613106729,53.44937685836431,56.186263103176294
54,"[np.int64(2009), np.int64(2010), np.int64(2011), np.int64(2012), np.int64(2013), np.int64(2014)]",2009,2014,True,49.16041940141227,32.55153230809587,28.069050157140364
55,"[np.int64(2020), np.int64(2021), np.int64(2022), np.int64(2023), np.int64(2024), np.int64(2025)]",2020,2025,True,86.0430613106729,53.44937685836431,56.186263103176294
56,"[np.int64(1981), np.int64(1982), np.int64(1983), np.int64(1984), np.int64(1985), np.int64(1986)]",1981,1986,False,38.94813281297583,26.61764520021107,28.077989422425258
57,"[np.int64(2020), np.int64(2021), np.int64(2022), np.int64(2023), np.int64(2024), np.int64(2025)]",2020,2025,True,86.0430613106729,53.44937685836431,56.186263103176294
58,"[np.int64(2006), np.int64(2007), np.int64(2008), np.int64(2009), np.int64(2010), np.int64(2011)]",2006,2011,True,29.865761337941887,23.01844435718197,23.33383324851178
59,"[np.int64(2020), np.int64(2021), np.int64(2022), np.int64(2023), np.int64(2024), np.int64(2025)]",2020,2025,True,86.0430613106729,53.44937685836431,56.186263103176294
60,"[np.int64(1987), np.int64(1988), np.int64(1989), np.int64(1990), np.int64(1991), np.int64(1992)]",1987,1992,False,82.2367238613389,54.046540044307996,54.67567882360251
61,"[np.int64(2020), np.int64(2021), np.int64(2022), np.int64(2023), np.int64(2024), np.int64(2025)]",2020,2025,True,86.0430613106729,53.44937685836431,56.186263103176294
62,"[np.int64(2002), np.int64(2003), np.int64(2004), np.int64(2005), np.int64(2006), np.int64(2007)]",2002,2007,False,30.314216743270293,20.210662467187806,23.581902004777763
63,"[np.int64(2020), np.int64(2021), np.int64(2022), np.int64(2023), np.int64(2024), np.int64(2025)]",2020,2025,True,86.0430613106729,53.44937685836431,56.186263103176294
64,"[np.int64(1993), np.int64(1994), np.int64(1995), np.int64(1996), np.int64(1997), np.int64(1998)]",1993,1998,False,73.13017778134015,54.8606785145712,68.38070533929256
65,"[np.int64(2020), np.int64(2021), np.int64(2022), np.int64(2023), np.int64(2024), np.int64(2025)]",2020,2025,True,86.0430613106729,53.44937685836431,56.186263103176294
66,"[np.int64(1962), np.int64(1963), np.int64(1964), np.int64(1965), np.int64(1966), np.int64(1967)]",1962,1967,False,47.0545519878681,38.184837969044764,37.16416185344244
67,"[np.int64(2020), np.int64(2021), np.int64(2022), np.int64(2023), np.int64(2024), np.int64(2025)]",2020,2025,True,86.0430613106729,53.44937685836431,56.186263103176294
68,"[np.int64(1996), np.int64(1997), np.int64(1998), np.int64(1999), np.int64(2000), np.int64(2001)]",1996,2001,False,62.103863411255524,45.85915982470146,47.73931073992295
69,"[np.int64(2020), np.int64(2021), np.int64(2022), np.int64(2023), np.int64(2024), np.int64(2025)]",2020,2025,True,86.0430613106729,53.44937685836431,56.186263103176294
70,"[np.int64(1973), np.int64(1974), np.int64(1975), np.int64(1976), np.int64(1977), np.int64(1978)]",1973,1978,False,64.4022597616987,41.281103154371095,42.91884395927278
71,"[np.int64(2020), np.int64(2021), np.int64(2022), np.int64(2023), np.int64(2024), np.int64(2025)]",2020,2025,True,86.0430613106729,53.44937685836431,56.186263103176294
72,"[np.int64(1971), np.int64(1972), np.int64(1973), np.int64(1974), np.int64(1975), np.int64(1976)]",1971,1976,False,64.96714944368263,44.09058678071897,46.58608841468134
73,"[np.int64(2020), np.int64(2021), np.int64(2022), np.int64(2023), np.int64(2024), np.int64(2025)]",2020,2025,True,86.0430613106729,53.44937685836431,56.186263103176294
74,"[np.int64(1975), np.int64(1976), np.int64(1977), np.int64(1978), np.int64(1979), np.int64(1980)]",1975,1980,False,56.20553010581355,35.20456814927789,40.804685601187536
75,"[np.int64(2020), np.int64(2021), np.int64(2022), np.int64(2023), np.int64(2024), np.int64(2025)]",2020,2025,True,86.0430613106729,53.44937685836431,56.186263103176294
76,"[np.int64(1984), np.int64(1985), np.int64(1986), np.int64(1987), np.int64(1988), np.int64(1989)]",1984,1989,False,37.23170476653587,23.98048512452748,27.29492187114509
77,"[np.int64(2020), np.int64(2021), np.int64(2022), np.int64(2023), np.int64(2024), np.int64(2025)]",2020,2025,True,86.0430613106729,53.44937685836431,56.186263103176294
78,"[np.int64(1980), np.int64(1981), np.int64(1982), np.int64(1983), np.int64(1984), np.int64(1985)]",1980,1985,False,42.2954773651718,27.998669506897382,30.683164211678346
79,"[np.int64(2020), np.int64(2021), np.int64(2022), np.int64(2023), np.int64(2024), np.int64(2025)]",2020,2025,True,86.0430613106729,53.44937685836431,56.186263103176294
80,"[np.int64(2012), np.int64(2013), np.int64(2014), np.int64(2015), np.int64(2016), np.int64(2017)]",2012,2017,False,39.63981251951417,29.120874005056578,23.00865283652817
81,"[np.int64(2020), np.int64(2021), np.int64(2022), np.int64(2023), np.int64(2024), np.int64(2025)]",2020,2025,True,86.0430613106729,53.44937685836431,56.186263103176294
82,"[np.int64(2013), np.int64(2014), np.int64(2015), np.int64(2016), np.int64(2017), np.int64(2018)]",2013,2018,False,29.60959692742623,19.03790571547885,20.585318546607926
83,"[np.int64(2020), np.int64(2021), np.int64(2022), np.int64(2023), np.int64(2024), np.int64(2025)]",2020,2025,True,86.0430613106729,53.44937685836431,56.186263103176294
84,"[np.int64(1979), np.int64(1980), np.int64(1981), np.int64(1982), np.int64(1983), np.int64(1984)]",1979,1984,False,44.44931518953252,30.501920526797505,32.17589402207779
85,"[np.int64(2020), np.int64(2021), np.int64(2022), np.int64(2023), np.int64(2024), np.int64(2025)]",2020,2025,True,86.0430613106729,53.44937685836431,56.186263103176294
86,"[np.int64(2003), np.int64(2004), np.int64(2005), np.int64(2006), np.int64(2007), np.int64(2008)]",2003,2008,True,29.191695032100686,19.7458306306205,24.101949624730803
87,"[np.int64(2020), np.int64(2021), np.int64(2022), np.int64(2023), np.int64(2024), np.int64(2025)]",2020,2025,True,86.0430613106729,53.44937685836431,56.186263103176294
88,"[np.int64(2004), np.int64(2005), np.int64(2006), np.int64(2007), np.int64(2008), np.int64(2009)]",2004,2009,True,31.987834319430696,22.107233503526786,23.88011214683088
89,"[np.int64(2020), np.int64(2021), np.int64(2022), np.int64(2023), np.int64(2024), np.int64(2025)]",2020,2025,True,86.0430613106729,53.44937685836431,56.186263103176294
90,"[np.int64(2011), np.int64(2012), np.int64(2013), np.int64(2014), np.int64(2015), np.int64(2016)]",2011,2016,False,39.18639905774964,26.3633049690475,22.920298082299194
91,"[np.int64(2020), np.int64(2021), np.int64(2022), np.int64(2023), np.int64(2024), np.int64(2025)]",2020,2025,True,86.0430613106729,53.44937685836431,56.186263103176294
92,"[np.int64(2007), np.int64(2008), np.int64(2009), np.int64(2010), np.int64(2011), np.int64(2012)]",2007,2012,True,42.757604646320395,28.9948570439541,28.666778831765583
93,"[np.int64(2020), np.int64(2021), np.int64(2022), np.int64(2023), np.int64(2024), np.int64(2025)]",2020,2025,True,86.0430613106729,53.44937685836431,56.186263103176294
94,"[np.int64(2019), np.int64(2020), np.int64(2021), np.int64(2022), np.int64(2023), np.int64(2024)]",2019,2024,True,84.70764951169474,54.21671780801214,53.46389453705241
95,"[np.int64(2020), np.int64(2021), np.int64(2022), np.int64(2023), np.int64(2024), np.int64(2025)]",2020,2025,True,86.0430613106729,53.44937685836431,56.186263103176294
96,"[np.int64(1999), np.int64(2000), np.int64(2001), np.int64(2002), np.int64(2003), np.int64(2004)]",1999,2004,False,41.291651406779316,26.195306670583864,27.46787194248243
97,"[np.int64(2020), np.int64(2021), np.int64(2022), np.int64(2023), np.int64(2024), np.int64(2025)]",2020,2025,True,86.0430613106729,53.44937685836431,56.186263103176294
98,"[np.int64(1998), np.int64(1999), np.int64(2000), np.int64(2001), np.int64(2002), np.int64(2003)]",1998,2003,False,51.47490735186673,55.4290759920669,28.27856792933173
99,"[np.int64(2020), np.int64(2021), np.int64(2022), np.int64(2023), np.int64(2024), np.int64(2025)]",2020,2025,True,86.0430613106729,53.44937685836431,56.186263103176294
100,"[np.int64(1962), np.int64(1963), np.int64(1964), np.int64(1965), np.int64(1966), np.int64(1967)]",1962,1967,False,47.0545519878681,38.184837969044764,37.16416185344243
101,"[np.int64(2020), np.int64(2021), np.int64(2022), np.int64(2023), np.int64(2024), np.int64(2025)]",2020,2025,True,86.0430613106729,53.44937685836431,56.186263103176294
102,"[np.int64(1980), np.int64(1981), np.int64(1982), np.int64(1983), np.int64(1984), np.int64(1985)]",1980,1985,False,42.2954773651718,27.998669506897382,30.683164211678346
103,"[np.int64(2020), np.int64(2021), np.int64(2022), np.int64(2023), np.int64(2024), np.int64(2025)]",2020,2025,True,86.0430613106729,53.44937685836431,56.186263103176294
104,"[np.int64(2012), np.int64(2013), np.int64(2014), np.int64(2015), np.int64(2016), np.int64(2017)]",2012,2017,False,39.63981251951417,29.120874005056578,23.00865283652817
105,"[np.int64(2020), np.int64(2021), np.int64(2022), np.int64(2023), np.int64(2024), np.int64(2025)]",2020,2025,True,86.0430613106729,53.44937685836431,56.186263103176294
106,"[np.int64(1967), np.int64(1968), np.int64(1969), np.int64(1970), np.int64(1971), np.int64(1972)]",1967,1972,False,50.8828384967288,38.73357272760046,36.489210533830615
107,"[np.int64(2020), np.int64(2021), np.int64(2022), np.int64(2023), np.int64(2024), np.int64(2025)]",2020,2025,True,86.0430613106729,53.44937685836431,56.186263103176294
108,"[np.int64(1992), np.int64(1993), np.int64(1994), np.int64(1995), np.int64(1996), np.int64(1997)]",1992,1997,False,80.19173252381954,66.0384406456588,69.45254169672825
109,"[np.int64(2020), np.int64(2021), np.int64(2022), np.int64(2023), np.int64(2024), np.int64(2025)]",2020,2025,True,86.0430613106729,53.44937685836431,56.186263103176294
110,"[np.int64(2001), np.int64(2002), np.int64(2003), np.int64(2004), np.int64(2005), np.int64(2006)]",2001,2006,False,33.984338571416025,21.722540889732237,22.29574759232376
111,"[np.int64(2020), np.int64(2021), np.int64(2022), np.int64(2023), np.int64(2024), np.int64(2025)]",2020,2025,True,86.0430613106729,53.44937685836431,56.186263103176294
112,"[np.int64(1979), np.int64(1980), np.int64(1981), np.int64(1982), np.int64(1983), np.int64(1984)]",1979,1984,False,44.44931518953252,30.501920526797505,32.17589402207779
113,"[np.int64(2020), np.int64(2021), np.int64(2022), np.int64(2023), np.int64(2024), np.int64(2025)]",2020,2025,True,86.0430613106729,53.44937685836431,56.186263103176294
114,"[np.int64(2018), np.int64(2019), np.int64(2020), np.int64(2021), np.int64(2022), np.int64(2023)]",2018,2023,True,85.12255564038568,52.915422863312145,55.97297388191425
115,"[np.int64(2020), np.int64(2021), np.int64(2022), np.int64(2023), np.int64(2024), np.int64(2025)]",2020,2025,True,86.0430613106729,53.44937685836431,56.186263103176294
116,"[np.int64(1986), np.int64(1987), np.int64(1988), np.int64(1989), np.int64(1990), np.int64(1991)]",1986,1991,False,60.337094676879246,37.72256045714649,43.76889183767114
117,"[np.int64(2020), np.int64(2021), np.int64(2022), np.int64(2023), np.int64(2024), np.int64(2025)]",2020,2025,True,86.0430613106729,53.44937685836431,56.186263103176294
118,"[np.int64(1965), np.int64(1966), np.int64(1967), np.int64(1968), np.int64(1969), np.int64(1970)]",1965,1970,False,48.30553719252425,40.51155567350442,38.71541356199355
119,"[np.int64(2020), np.int64(2021), np.int64(2022), np.int64(2023), np.int64(2024), np.int64(2025)]",2020,2025,True,86.0430613106729,53.44937685836431,56.186263103176294
120,"[np.int64(1992), np.int64(1993), np.int64(1994), np.int64(1995), np.int64(1996), np.int64(1997)]",1992,1997,False,80.19173252381954,66.0384406456588,69.45254169672825
121,"[np.int64(2020), np.int64(2021), np.int64(2022), np.int64(2023), np.int64(2024), np.int64(2025)]",2020,2025,True,86.0430613106729,53.44937685836431,56.186263103176294
122,"[np.int64(1994), np.int64(1995), np.int64(1996), np.int64(1997), np.int64(1998), np.int64(1999)]",1994,1999,False,68.8958099817459,48.61768199673503,48.36605385454021
123,"[np.int64(2020), np.int64(2021), np.int64(2022), np.int64(2023), np.int64(2024), np.int64(2025)]",2020,2025,True,86.0430613106729,53.44937685836431,56.186263103176294
124,"[np.int64(2015), np.int64(2016), np.int64(2017), np.int64(2018), np.int64(2019), np.int64(2020)]",2015,2020,True,36.49856894495895,39.188913105273386,40.483893355254594
125,"[np.int64(2020), np.int64(2021), np.int64(2022), np.int64(2023), np.int64(2024), np.int64(2025)]",2020,2025,True,86.0430613106729,53.44937685836431,56.186263103176294
126,"[np.int64(1984), np.int64(1985), np.int64(1986), np.int64(1987), np.int64(1988), np.int64(1989)]",1984,1989,False,37.23170476653587,23.98048512452748,27.29492187114509
127,"[np.int64(2020), np.int64(2021), np.int64(2022), np.int64(2023), np.int64(2024), np.int64(2025)]",2020,2025,True,86.0430613106729,53.44937685836431,56.186263103176294
128,"[np.int64(2008), np.int64(2009), np.int64(2010), np.int64(2011), np.int64(2012), np.int64(2013)]",2008,2013,True,50.79550834756548,33.93626756828248,30.23080366612941
129,"[np.int64(2020), np.int64(2021), np.int64(2022), np.int64(2023), np.int64(2024), np.int64(2025)]",2020,2025,True,86.0430613106729,53.44937685836431,56.186263103176294
130,"[np.int64(1981), np.int64(1982), np.int64(1983), np.int64(1984), np.int64(1985), np.int64(1986)]",1981,1986,False,38.94813281297583,26.61764520021107,28.077989422425258
131,"[np.int64(2020), np.int64(2021), np.int64(2022), np.int64(2023), np.int64(2024), np.int64(2025)]",2020,2025,True,86.0430613106729,53.44937685836431,56.186263103176294
132,"[np.int64(1982), np.int64(1983), np.int64(1984), np.int64(1985), np.int64(1986), np.int64(1987)]",1982,1987,False,34.75658093011162,23.91969827824796,25.26443397611587
133,"[np.int64(2020), np.int64(2021), np.int64(2022), np.int64(2023), np.int64(2024), np.int64(2025)]",2020,2025,True,86.0430613106729,53.44937685836431,56.186263103176294
134,"[np.int64(1974), np.int64(1975), np.int64(1976), np.int64(1977), np.int64(1978), np.int64(1979)]",1974,1979,False,59.80991413008417,41.206173502102125,42.82202214261538
135,"[np.int64(2020), np.int64(2021), np.int64(2022), np.int64(2023), np.int64(2024), np.int64(2025)]",2020,2025,True,86.0430613106729,53.44937685836431,56.186263103176294
136,"[np.int64(1994), np.int64(1995), np.int64(1996), np.int64(1997), np.int64(1998), np.int64(1999)]",1994,1999,False,68.8958099817459,48.61768199673503,48.3660538545402
137,"[np.int64(2020), np.int64(2021), np.int64(2022), np.int64(2023), np.int64(2024), np.int64(2025)]",2020,2025,True,86.0430613106729,53.44937685836431,56.186263103176294
138,"[np.int64(1975), np.int64(1976), np.int64(1977), np.int64(1978), np.int64(1979), np.int64(1980)]",1975,1980,False,56.20553010581355,35.20456814927789,40.80468560118753
139,"[np.int64(2020), np.int64(2021), np.int64(2022), np.int64(2023), np.int64(2024), np.int64(2025)]",2020,2025,True,86.0430613106729,53.44937685836431,56.186263103176294
140,"[np.int64(2007), np.int64(2008), np.int64(2009), np.int64(2010), np.int64(2011), np.int64(2012)]",2007,2012,True,42.757604646320395,28.9948570439541,28.666778831765583
141,"[np.int64(2020), np.int64(2021), np.int64(2022), np.int64(2023), np.int64(2024), np.int64(2025)]",2020,2025,True,86.0430613106729,53.44937685836431,56.186263103176294
142,"[np.int64(1982), np.int64(1983), np.int64(1984), np.int64(1985), np.int64(1986), np.int64(1987)]",1982,1987,False,34.75658093011162,23.91969827824796,25.26443397611587
143,"[np.int64(2020), np.int64(2021), np.int64(2022), np.int64(2023), np.int64(2024), np.int64(2025)]",2020,2025,True,86.0430613106729,53.44937685836431,56.186263103176294
144,"[np.int64(1962), np.int64(1963), np.int64(1964), np.int64(1965), np.int64(1966), np.int64(1967)]",1962,1967,False,47.0545519878681,38.184837969044764,37.16416185344244
145,"[np.int64(2020), np.int64(2021), np.int64(2022), np.int64(2023), np.int64(2024), np.int64(2025)]",2020,2025,True,86.0430613106729,53.44937685836431,56.186263103176294
146,"[np.int64(1986), np.int64(1987), np.int64(1988), np.int64(1989), np.int64(1990), np.int64(1991)]",1986,1991,False,60.337094676879246,37.72256045714649,43.76889183767115
147,"[np.int64(2020), np.int64(2021), np.int64(2022), np.int64(2023), np.int64(2024), np.int64(2025)]",2020,2025,True,86.0430613106729,53.44937685836431,56.186263103176294
148,"[np.int64(1979), np.int64(1980), np.int64(1981), np.int64(1982), np.int64(1983), np.int64(1984)]",1979,1984,False,44.44931518953252,30.501920526797505,32.17589402207779
149,"[np.int64(2020), np.int64(2021), np.int64(2022), np.int64(2023), np.int64(2024), np.int64(2025)]",2020,2025,True,86.0430613106729,53.44937685836431,56.186263103176294
150,"[np.int64(2009), np.int64(2010), np.int64(2011), np.int64(2012), np.int64(2013), np.int64(2014)]",2009,2014,True,49.16041940141227,32.55153230809587,28.06905015714036
151,"[np.int64(2020), np.int64(2021), np.int64(2022), np.int64(2023), np.int64(2024), np.int64(2025)]",2020,2025,True,86.0430613106729,53.44937685836431,56.186263103176294
152,"[np.int64(2016), np.int64(2017), np.int64(2018), np.int64(2019), np.int64(2020), np.int64(2021)]",2016,2021,True,73.25847044615536,46.29985517046925,41.40505864459235
153,"[np.int64(2020), np.int64(2021), np.int64(2022), np.int64(2023), np.int64(2024), np.int64(2025)]",2020,2025,True,86.0430613106729,53.44937685836431,56.186263103176294
154,"[np.int64(1976), np.int64(1977), np.int64(1978), np.int64(1979), np.int64(1980), np.int64(1981)]",1976,1981,False,54.79100199933364,34.91990093248796,40.995211000834814
155,"[np.int64(2020), np.int64(2021), np.int64(2022), np.int64(2023), np.int64(2024), np.int64(2025)]",2020,2025,True,86.0430613106729,53.44937685836431,56.186263103176294
156,"[np.int64(1985), np.int64(1986), np.int64(1987), np.int64(1988), np.int64(1989), np.int64(1990)]",1985,1990,False,46.44548350285677,31.072544150653915,33.81354860020222
157,"[np.int64(2020), np.int64(2021), np.int64(2022), np.int64(2023), np.int64(2024), np.int64(2025)]",2020,2025,True,86.0430613106729,53.44937685836431,56.186263103176294
158,"[np.int64(1964), np.int64(1965), np.int64(1966), np.int64(1967), np.int64(1968), np.int64(1969)]",1964,1969,False,45.326855604439594,38.43809099626397,33.74271077117428
159,"[np.int64(2020), np.int64(2021), np.int64(2022), np.int64(2023), np.int64(2024), np.int64(2025)]",2020,2025,True,86.0430613106729,53.44937685836431,56.186263103176294
160,"[np.int64(1972), np.int64(1973), np.int64(1974), np.int64(1975), np.int64(1976), np.int64(1977)]",1972,1977,False,64.57752330062682,43.5486606882736,43.99979501931687
161,"[np.int64(2020), np.int64(2021), np.int64(2022), np.int64(2023), np.int64(2024), np.int64(2025)]",2020,2025,True,86.0430613106729,53.44937685836431,56.186263103176294
162,"[np.int64(2005), np.int64(2006), np.int64(2007), np.int64(2008), np.int64(2009), np.int64(2010)]",2005,2010,True,29.566912568840937,20.474414702944383,20.889854928891623
163,"[np.int64(2020), np.int64(2021), np.int64(2022), np.int64(2023), np.int64(2024), np.int64(2025)]",2020,2025,True,86.0430613106729,53.44937685836431,56.186263103176294
164,"[np.int64(1993), np.int64(1994), np.int64(1995), np.int64(1996), np.int64(1997), np.int64(1998)]",1993,1998,False,73.13017778134015,54.8606785145712,68.38070533929256
165,"[np.int64(2020), np.int64(2021), np.int64(2022), np.int64(2023), np.int64(2024), np.int64(2025)]",2020,2025,True,86.0430613106729,53.44937685836431,56.186263103176294
166,"[np.int64(2013), np.int64(2014), np.int64(2015), np.int64(2016), np.int64(2017), np.int64(2018)]",2013,2018,False,29.60959692742623,19.03790571547885,20.585318546607926
167,"[np.int64(2020), np.int64(2021), np.int64(2022), np.int64(2023), np.int64(2024), np.int64(2025)]",2020,2025,True,86.0430613106729,53.44937685836431,56.186263103176294
168,"[np.int64(1977), np.int64(1978), np.int64(1979), np.int64(1980), np.int64(1981), np.int64(1982)]",1977,1982,False,49.6202153770736,32.44950231446716,36.46019248747491
169,"[np.int64(2020), np.int64(2021), np.int64(2022), np.int64(2023), np.int64(2024), np.int64(2025)]",2020,2025,True,86.0430613106729,53.44937685836431,56.186263103176294
170,"[np.int64(1962), np.int64(1963), np.int64(1964), np.int64(1965), np.int64(1966), np.int64(1967)]",1962,1967,False,47.0545519878681,38.184837969044764,37.16416185344244
171,"[np.int64(2020), np.int64(2021), np.int64(2022), np.int64(2023), np.int64(2024), np.int64(2025)]",2020,2025,True,86.0430613106729,53.44937685836431,56.186263103176294
172,"[np.int64(1962), np.int64(1963), np.int64(1964), np.int64(1965), np.int64(1966), np.int64(1967)]",1962,1967,False,47.0545519878681,38.184837969044764,37.16416185344244
173,"[np.int64(2020), np.int64(2021), np.int64(2022), np.int64(2023), np.int64(2024), np.int64(2025)]",2020,2025,True,86.0430613106729,53.44937685836431,56.186263103176294
174,"[np.int64(2018), np.int64(2019), np.int64(2020), np.int64(2021), np.int64(2022), np.int64(2023)]",2018,2023,True,85.12255564038568,52.915422863312145,55.97297388191425
175,"[np.int64(2020), np.int64(2021), np.int64(2022), np.int64(2023), np.int64(2024), np.int64(2025)]",2020,2025,True,86.0430613106729,53.44937685836431,56.186263103176294
176,"[np.int64(1995), np.int64(1996), np.int64(1997), np.int64(1998), np.int64(1999), np.int64(2000)]",1995,2000,False,67.88926164739286,46.54875591973825,46.557667809124766
177,"[np.int64(2020), np.int64(2021), np.int64(2022), np.int64(2023), np.int64(2024), np.int64(2025)]",2020,2025,True,86.0430613106729,53.44937685836431,56.186263103176294
178,"[np.int64(2007), np.int64(2008), np.int64(2009), np.int64(2010), np.int64(2011), np.int64(2012)]",2007,2012,True,42.757604646320395,28.9948570439541,28.666778831765583
179,"[np.int64(2020), np.int64(2021), np.int64(2022), np.int64(2023), np.int64(2024), np.int64(2025)]",2020,2025,True,86.0430613106729,53.44937685836431,56.186263103176294
180,"[np.int64(1985), np.int64(1986), np.int64(1987), np.int64(1988), np.int64(1989), np.int64(1990)]",1985,1990,False,46.44548350285677,31.072544150653915,33.81354860020222
181,"[np.int64(2020), np.int64(2021), np.int64(2022), np.int64(2023), np.int64(2024), np.int64(2025)]",2020,2025,True,86.0430613106729,53.44937685836431,56.186263103176294
182,"[np.int64(2010), np.int64(2011), np.int64(2012), np.int64(2013), np.int64(2014), np.int64(2015)]",2010,2015,False,43.69377370526296,27.55947116409323,31.797614106739935
183,"[np.int64(2020), np.int64(2021), np.int64(2022), np.int64(2023), np.int64(2024), np.int64(2025)]",2020,2025,True,86.0430613106729,53.44937685836431,56.186263103176294
184,"[np.int64(2013), np.int64(2014), np.int64(2015), np.int64(2016), np.int64(2017), np.int64(2018)]",2013,2018,False,29.60959692742623,19.03790571547885,20.585318546607926
185,"[np.int64(2020), np.int64(2021), np.int64(2022), np.int64(2023), np.int64(2024), np.int64(2025)]",2020,2025,True,86.0430613106729,53.44937685836431,56.186263103176294
186,"[np.int64(2000), np.int64(2001), np.int64(2002), np.int64(2003), np.int64(2004), np.int64(2005)]",2000,2005,False,40.61524196541723,25.902590983704975,26.755404153564815
187,"[np.int64(2020), np.int64(2021), np.int64(2022), np.int64(2023), np.int64(2024), np.int64(2025)]",2020,2025,True,86.0430613106729,53.44937685836431,56.186263103176294
188,"[np.int64(1996), np.int64(1997), np.int64(1998), np.int64(1999), np.int64(2000), np.int64(2001)]",1996,2001,False,62.103863411255524,45.85915982470146,47.73931073992295
189,"[np.int64(2020), np.int64(2021), np.int64(2022), np.int64(2023), np.int64(2024), np.int64(2025)]",2020,2025,True,86.0430613106729,53.44937685836431,56.186263103176294
190,"[np.int64(1999), np.int64(2000), np.int64(2001), np.int64(2002), np.int64(2003), np.int64(2004)]",1999,2004,False,41.291651406779316,26.195306670583864,27.467871942482436
191,"[np.int64(2020), np.int64(2021), np.int64(2022), np.int64(2023), np.int64(2024), np.int64(2025)]",2020,2025,True,86.0430613106729,53.44937685836431,56.186263103176294
192,"[np.int64(1988), np.int64(1989), np.int64(1990), np.int64(1991), np.int64(1992), np.int64(1993)]",1988,1993,False,86.61703384695906,55.321117122277265,59.150539129859034
193,"[np.int64(2020), np.int64(2021), np.int64(2022), np.int64(2023), np.int64(2024), np.int64(2025)]",2020,2025,True,86.0430613106729,53.44937685836431,56.186263103176294
194,"[np.int64(1993), np.int64(1994), np.int64(1995), np.int64(1996), np.int64(1997), np.int64(1998)]",1993,1998,False,73.13017778134015,54.8606785145712,68.38070533929256
195,"[np.int64(2020), np.int64(2021), np.int64(2022), np.int64(2023), np.int64(2024), np.int64(2025)]",2020,2025,True,86.0430613106729,53.44937685836431,56.186263103176294
196,"[np.int64(1999), np.int64(2000), np.int64(2001), np.int64(2002), np.int64(2003), np.int64(2004)]",1999,2004,False,41.291651406779316,26.195306670583864,27.467871942482436
197,"[np.int64(2020), np.int64(2021), np.int64(2022), np.int64(2023), np.int64(2024), np.int64(2025)]",2020,2025,True,86.0430613106729,53.44937685836431,56.1862631031763
198,"[np.int64(2013), np.int64(2014), np.int64(2015), np.int64(2016), np.int64(2017), np.int64(2018)]",2013,2018,False,29.60959692742623,19.03790571547885,20.585318546607926
199,"[np.int64(2020), np.int64(2021), np.int64(2022), np.int64(2023), np.int64(2024), np.int64(2025)]",2020,2025,True,86.0430613106729,53.44937685836431,56.186263103176294
