replication,method,asep
0,naive,47.071082989363234
0,ar1,34.794156448275515
0,random_forest,29.70874374605839
1,naive,47.93805511899
1,ar1,36.619585622849996
1,random_forest,32.769630332472374
2,naive,57.204718793640566
2,ar1,48.40829848078429
2,random_forest,32.90221525434516
3,naive,56.04132989676286
3,ar1,35.35125864273184
3,random_forest,32.81849255053029
4,naive,46.48929049014189
4,ar1,30.650492274905332
4,random_forest,27.232234293983336
5,naive,56.74919262549423
5,ar1,49.99879472041719
5,random_forest,46.030655739322526
6,naive,53.513062198883624
6,ar1,41.054260300928696
6,random_forest,38.375324241938266
7,naive,43.68126716080038
7,ar1,31.417337210043204
7,random_forest,26.585877510877392
8,naive,38.562156870295645
8,ar1,29.360865247354162
8,random_forest,25.37051003639137
9,naive,67.35414274412787
9,ar1,42.667600284178505
9,random_forest,38.77129166519405
10,naive,53.02581523235404
10,ar1,35.46924726698612
10,random_forest,35.32941717058218
11,naive,65.61319325991627
11,ar1,45.03167325547114
11,random_forest,42.879962504224615
12,naive,67.42233989216952
12,ar1,48.4899759627304
12,random_forest,41.53464583364176
13,naive,53.99176342248892
13,ar1,35.6864695091733
13,random_forest,31.88454001458714
14,naive,45.34301413470567
14,ar1,34.527345337897785
14,random_forest,28.893746114062353
15,naive,43.79666382126839
15,ar1,30.016697719447492
15,random_forest,29.290728015989462
16,naive,45.90727470276026
16,ar1,37.233248337656015
16,random_forest,32.599193192814845
17,naive,46.73215095309416
17,ar1,45.34734282408752
17,random_forest,47.91123998555257
18,naive,50.260146888055445
18,ar1,34.767771420832844
18,random_forest,30.27842293247462
19,naive,46.447055180903554
19,ar1,37.79147875416698
19,random_forest,34.35213268986742
20,naive,47.148351853688176
20,ar1,32.51329247231498
20,random_forest,31.761192617807136
21,naive,43.0982747521542
21,ar1,33.59432420376536
21,random_forest,28.514264282466314
22,naive,39.39314461683809
22,ar1,26.982340251347917
22,random_forest,26.241414555735613
23,naive,46.633611736548765
23,ar1,29.70982661100757
23,random_forest,28.902468398087226
24,naive,32.01472586185943
24,ar1,25.864626268067074
24,random_forest,24.312207803599488
25,naive,41.148213785271345
25,ar1,31.40129575922442
25,random_forest,26.933584466208092
26,naive,55.8725859237814
26,ar1,37.24180634182346
26,random_forest,34.57082898227501
27,naive,43.14189785850479
27,ar1,36.756986265098384
27,random_forest,30.403740886991887
28,naive,56.05480341727431
28,ar1,32.204932059235226
28,random_forest,30.213226259883438
29,naive,58.01969055856335
29,ar1,40.53067154593176
29,random_forest,30.691207490786972
30,naive,61.365920293965345
30,ar1,44.66053382590266
30,random_forest,39.58707197703948
31,naive,41.4808052310771
31,ar1,39.55591345256793
31,random_forest,39.18109191842455
32,naive,53.14544799990499
32,ar1,40.05974091422322
32,random_forest,35.164349547820436
33,naive,50.946637105374236
33,ar1,30.991715256362763
33,random_forest,30.21897055178675
34,naive,51.661148879337546
34,ar1,36.74122341004773
34,random_forest,31.775046906188056
35,naive,85.11552046939471
35,ar1,55.18003042806252
35,random_forest,54.12680445962748
36,naive,56.38771387854636
36,ar1,39.75346356480415
36,random_forest,32.17974345816852
37,naive,49.658838480225114
37,ar1,37.48811660954743
37,random_forest,28.738208775716682
38,naive,38.058430875576036
38,ar1,26.297642051940098
38,random_forest,24.66392389994304
39,naive,50.87222395880223
39,ar1,39.456535095974274
39,random_forest,38.507146968620205
40,naive,44.342020983092006
40,ar1,34.153154085055604
40,random_forest,26.701076931027295
41,naive,62.55262371864942
41,ar1,38.730949062906646
41,random_forest,36.83488796164663
42,naive,51.05601639086502
42,ar1,42.23601883803337
42,random_forest,42.11901927715492
43,naive,50.2609803117557
43,ar1,44.95493982380393
43,random_forest,30.092789943317076
44,naive,41.20115401697111
44,ar1,29.13666453549174
44,random_forest,26.57656866027623
45,naive,57.368502576474455
45,ar1,42.34116615813591
45,random_forest,35.906805787846174
46,naive,50.264176537661896
46,ar1,29.06062602510362
46,random_forest,29.548849019313273
47,naive,52.720432306542584
47,ar1,42.35427043107013
47,random_forest,36.43100427745184
48,naive,51.026157412141096
48,ar1,38.854047278304456
48,random_forest,34.21482724109263
49,naive,44.643811436904976
49,ar1,42.26170323511655
49,random_forest,43.0020321190815
50,naive,43.904189964279425
50,ar1,32.96760529333356
50,random_forest,30.594688004002514
51,naive,67.25092747999346
51,ar1,50.12013458725728
51,random_forest,33.834472847219665
52,naive,47.60441149638883
52,ar1,35.07515351797127
52,random_forest,35.73151822419829
53,naive,70.44256458783109
53,ar1,49.70315537802009
53,random_forest,35.912576895464085
54,naive,44.42082728098863
54,ar1,32.66908133224329
54,random_forest,30.35299172671928
55,naive,66.85405694113
55,ar1,51.19989278486518
55,random_forest,38.443290750842976
56,naive,43.14516468282218
56,ar1,33.66331145167344
56,random_forest,26.576032317684724
57,naive,62.571924791754334
57,ar1,48.5444938451648
57,random_forest,44.35898357018775
58,naive,57.03752791055861
58,ar1,38.265453153308336
58,random_forest,36.59460438437644
59,naive,84.51742161303832
59,ar1,57.79841935253501
59,random_forest,36.78099824771704
60,naive,40.15124569636041
60,ar1,25.062124571564
60,random_forest,24.98168333471267
61,naive,43.22396603457189
61,ar1,28.14311608173635
61,random_forest,25.609410763915726
62,naive,58.48741554047509
62,ar1,40.44033324718681
62,random_forest,35.95763100229355
63,naive,48.57535837390026
63,ar1,30.42784029690977
63,random_forest,30.451979088995593
64,naive,46.80483440224918
64,ar1,35.34467042682073
64,random_forest,26.668540200427547
65,naive,55.429160551061614
65,ar1,31.64512113150627
65,random_forest,27.817371568768728
66,naive,50.59122730999831
66,ar1,40.48426291025284
66,random_forest,33.04954197143351
67,naive,61.121527425374204
67,ar1,34.949550913585504
67,random_forest,28.573497737322953
68,naive,42.964693688669506
68,ar1,41.56510027710561
68,random_forest,37.64425746310631
69,naive,47.92816850413684
69,ar1,30.168318472428325
69,random_forest,31.992609291702117
70,naive,53.11607660413971
70,ar1,29.541692332170022
70,random_forest,27.424406348792044
71,naive,49.81430393635388
71,ar1,32.39142370996616
71,random_forest,28.88030831797334
72,naive,50.99099486208657
72,ar1,30.96234472052248
72,random_forest,29.62508674273577
73,naive,47.52339087750318
73,ar1,33.48790947681942
73,random_forest,27.4900445553585
74,naive,52.25989658146771
74,ar1,43.80908482847864
74,random_forest,40.37795091459483
75,naive,50.94460641472097
75,ar1,36.27747921916737
75,random_forest,28.355547444516095
76,naive,41.33680791556731
76,ar1,28.001299103013462
76,random_forest,25.97861182721492
77,naive,50.70711637746825
77,ar1,61.20407821764909
77,random_forest,27.46731281129945
78,naive,54.802690094844124
78,ar1,38.97420334220164
78,random_forest,40.20071962891404
79,naive,43.62350126279596
79,ar1,33.89061885983294
79,random_forest,31.182423120226794
80,naive,65.68785920301403
80,ar1,37.228617348721556
80,random_forest,33.67101889073611
81,naive,65.37907898803759
81,ar1,47.945110622513326
81,random_forest,29.7561645422568
82,naive,61.97239360340545
82,ar1,40.78186755110177
82,random_forest,36.037826575049934
83,naive,68.59402264853207
83,ar1,41.328794613239026
83,random_forest,37.970659403934064
84,naive,58.370862156289114
84,ar1,40.54363551950112
84,random_forest,40.28611808499233
85,naive,71.2917967465495
85,ar1,34.89607463439857
85,random_forest,32.55698583809433
86,naive,53.85667054971514
86,ar1,34.38118607183725
86,random_forest,33.28433621896336
87,naive,51.81567177506247
87,ar1,39.13817967581622
87,random_forest,34.5152586403115
88,naive,60.68715499440586
88,ar1,45.661847719203415
88,random_forest,39.41781986367829
89,naive,57.16067643514262
89,ar1,46.727721177085606
89,random_forest,28.601433531665048
90,naive,59.01952014233894
90,ar1,42.30079735055171
90,random_forest,41.53004948786685
91,naive,56.491373796932464
91,ar1,33.397963886193416
91,random_forest,32.02396994127062
92,naive,56.412155771962716
92,ar1,41.10858847940368
92,random_forest,35.16148422802321
93,naive,81.95509085916956
93,ar1,48.86826357890082
93,random_forest,42.31291843058341
94,naive,60.7862249705998
94,ar1,41.43424118443607
94,random_forest,34.52097210101389
95,naive,37.50246008637639
95,ar1,27.163188047705315
95,random_forest,24.66087697842554
96,naive,53.90735780320884
96,ar1,40.96360819907175
96,random_forest,35.166524845210596
97,naive,51.22882418923633
97,ar1,44.52703659496871
97,random_forest,41.655985575011606
98,naive,46.635859797459844
98,ar1,30.709623464647983
98,random_forest,26.795958052101234
99,naive,50.50520778567175
99,ar1,34.78823238770601
99,random_forest,34.68242660609958
100,naive,60.667328526991824
100,ar1,50.69017668703773
100,random_forest,25.54234572985955
101,naive,47.34547302544095
101,ar1,38.45724600144842
101,random_forest,34.18928003775022
102,naive,48.93436090360717
102,ar1,30.184345620401203
102,random_forest,35.517140169250204
103,naive,65.91886948492274
103,ar1,40.446456175626885
103,random_forest,34.43791635808118
104,naive,41.99691096751818
104,ar1,27.793067604189808
104,random_forest,24.56463990032962
105,naive,61.3907699018976
105,ar1,34.37586234361958
105,random_forest,27.68330972557043
106,naive,52.642547702216284
106,ar1,32.70099765879772
106,random_forest,26.48338922457451
107,naive,49.86034661744739
107,ar1,30.527559769736555
107,random_forest,28.976864520945274
108,naive,70.49475948973222
108,ar1,59.54585268586498
108,random_forest,31.493074621152658
109,naive,45.39300278676274
109,ar1,35.74894832821546
109,random_forest,28.066466868763033
110,naive,77.3334530167169
110,ar1,44.093432259454076
110,random_forest,43.90712977211347
111,naive,58.5995536699527
111,ar1,58.74026822210022
111,random_forest,30.242887756520805
112,naive,49.16098063842482
112,ar1,35.042641516688114
112,random_forest,32.36299280773739
113,naive,40.16549987811011
113,ar1,35.74371597757736
113,random_forest,31.126860362818466
114,naive,62.64123103778026
114,ar1,47.88313047937046
114,random_forest,40.308745854929136
115,naive,58.46301395518526
115,ar1,53.13589607452946
115,random_forest,32.27293898629759
116,naive,41.49648234060244
116,ar1,28.110314643428055
116,random_forest,29.919914375814315
117,naive,51.685954283391496
117,ar1,32.51174894346198
117,random_forest,31.416089410140902
118,naive,62.201734782802625
118,ar1,34.880157645171636
118,random_forest,27.532223630043813
119,naive,64.94450183002367
119,ar1,50.693532936143924
119,random_forest,48.40030973265049
120,naive,42.040496131956864
120,ar1,33.10328194998837
120,random_forest,27.525581853391728
121,naive,46.73371285436082
121,ar1,35.62718077047684
121,random_forest,32.69317779325964
122,naive,42.07663816609203
122,ar1,31.599998550258338
122,random_forest,32.46033148202561
123,naive,48.98719911428317
123,ar1,32.33702263682455
123,random_forest,28.691638173187677
124,naive,64.14276046664769
124,ar1,45.63260026174359
124,random_forest,36.637011571867895
125,naive,40.27613625583711
125,ar1,31.6702510125748
125,random_forest,30.342947771096373
126,naive,46.661337158104004
126,ar1,32.23012793610753
126,random_forest,29.176893983662584
127,naive,46.98037649779314
127,ar1,33.5414880526261
127,random_forest,30.07218485562024
128,naive,79.64736441030855
128,ar1,58.427379966441116
128,random_forest,35.297986517207676
129,naive,54.30930515398213
129,ar1,49.00249210086037
129,random_forest,45.64967108438541
130,naive,55.56634227248809
130,ar1,38.942760348450555
130,random_forest,34.212324733716784
131,naive,47.74559597685655
131,ar1,30.82475782550999
131,random_forest,30.54972018570265
132,naive,65.5086994376446
132,ar1,42.744239840923356
132,random_forest,37.705035154402275
133,naive,49.852404523988454
133,ar1,29.756938459555638
133,random_forest,32.220011395248704
134,naive,78.28228000027366
134,ar1,47.13783792772701
134,random_forest,42.69634531092082
135,naive,56.75874933318533
135,ar1,36.44716079229849
135,random_forest,33.90981278215424
136,naive,64.29858308796395
136,ar1,36.6852838018043
136,random_forest,31.26453505795249
137,naive,58.45016135239975
137,ar1,39.01292656504739
137,random_forest,36.99363960924567
138,naive,49.506212435995884
138,ar1,36.64148686055023
138,random_forest,30.40163134270795
139,naive,60.57190721612157
139,ar1,38.09781641470184
139,random_forest,34.429114400761385
140,naive,43.66798262039577
140,ar1,28.779798859025288
140,random_forest,27.61197334809398
141,naive,34.81083939156465
141,ar1,23.62514188928076
141,random_forest,24.152904114136923
142,naive,39.044056299611384
142,ar1,30.987666278567247
142,random_forest,27.957418602204168
143,naive,55.375854262135256
143,ar1,39.49687268094511
143,random_forest,40.24399617765305
144,naive,57.984535070495156
144,ar1,39.46655021015585
144,random_forest,39.259231078293475
145,naive,80.44033700542917
145,ar1,57.208950200546035
145,random_forest,37.45750345864705
146,naive,54.44183749987032
146,ar1,49.924186015163
146,random_forest,44.242884041747764
147,naive,57.41621540793522
147,ar1,35.19139128914464
147,random_forest,31.622953261021706
148,naive,55.832301999975215
148,ar1,47.35328776189385
148,random_forest,34.24249544630603
149,naive,71.12831143623906
149,ar1,46.757718096777346
149,random_forest,33.45817046831761
150,naive,46.47402424221552
150,ar1,32.51177357576624
150,random_forest,30.439724841738833
151,naive,47.566862633493194
151,ar1,35.87887438838442
151,random_forest,30.460417853767527
152,naive,52.77294663279145
152,ar1,34.71246251684567
152,random_forest,29.74733187819269
153,naive,74.3993112516268
153,ar1,41.66918252125011
153,random_forest,41.1420415058048
154,naive,50.69220673679709
154,ar1,40.406441007741094
154,random_forest,33.98654122957396
155,naive,37.91887271114325
155,ar1,24.699917953299995
155,random_forest,24.775320999817946
156,naive,41.050470166161766
156,ar1,35.55006459206485
156,random_forest,29.704996429400584
157,naive,55.35261438780857
157,ar1,40.72781535091518
157,random_forest,36.56825154917271
158,naive,65.62173057562057
158,ar1,37.06527879942796
158,random_forest,29.33381552201855
159,naive,74.38127077266384
159,ar1,49.915090131591896
159,random_forest,30.710960886032428
160,naive,77.62938187725538
160,ar1,49.00690404692588
160,random_forest,42.09793522652713
161,naive,53.56833698224801
161,ar1,44.89409758987915
161,random_forest,40.42727639926881
162,naive,56.889014048309484
162,ar1,44.27534825313353
162,random_forest,30.477068423786488
163,naive,59.077194231434824
163,ar1,40.43098140967784
163,random_forest,31.088057001465828
164,naive,61.330028842176254
164,ar1,39.42899445879941
164,random_forest,34.451646184833834
165,naive,72.43900617300875
165,ar1,41.77229511537207
165,random_forest,37.3560100256752
166,naive,63.94581655661355
166,ar1,37.398686766271034
166,random_forest,34.37431974662446
167,naive,52.314670546469074
167,ar1,44.25665629475201
167,random_forest,26.40719131587102
168,naive,53.086540181339565
168,ar1,35.387828801225865
168,random_forest,27.430706593167013
169,naive,56.371862969215364
169,ar1,43.908008856788264
169,random_forest,38.364523358598234
170,naive,64.73193401624319
170,ar1,53.742588638209
170,random_forest,51.40555008156637
171,naive,50.72676894226907
171,ar1,38.12786667157662
171,random_forest,33.04598853261564
172,naive,65.32084202961705
172,ar1,36.55817778182768
172,random_forest,30.746541147428434
173,naive,47.32524788675846
173,ar1,40.70700028749032
173,random_forest,37.48758840954518
174,naive,37.9215269398298
174,ar1,28.496444226644318
174,random_forest,29.482775050977683
175,naive,42.407280175363574
175,ar1,31.045490550426766
175,random_forest,31.61897728826413
176,naive,72.64661853283839
176,ar1,55.968260824585954
176,random_forest,50.17662323425802
177,naive,43.18784398078946
177,ar1,27.768331106282808
177,random_forest,25.529949018896552
178,naive,56.99914774218103
178,ar1,51.302194210194386
178,random_forest,44.98096409794398
179,naive,49.9211452206921
179,ar1,34.61722816801976
179,random_forest,32.296169513219574
180,naive,55.86291930016813
180,ar1,36.386187922753166
180,random_forest,32.01170157080463
181,naive,46.166007788630765
181,ar1,41.663464480951184
181,random_forest,41.099048599239744
182,naive,60.18435434610546
182,ar1,40.68044447570902
182,random_forest,36.86493952267074
183,naive,49.47694444803637
183,ar1,39.1379755491785
183,random_forest,32.157478289338506
184,naive,52.118206737575676
184,ar1,41.11309483870006
184,random_forest,36.59356100426897
185,naive,64.60184460249884
185,ar1,42.20670098053178
185,random_forest,38.284652972734364
186,naive,39.8541268178936
186,ar1,29.28870898971543
186,random_forest,25.646445783382088
187,naive,50.177017630696774
187,ar1,34.190931001308805
187,random_forest,35.88157633538375
188,naive,46.82041535096294
188,ar1,35.36809651011329
188,random_forest,33.336652497172416
189,naive,48.51659377579659
189,ar1,37.387485555300216
189,random_forest,33.9321076972316
190,naive,59.795189659851836
190,ar1,41.35196520560815
190,random_forest,37.58879971889911
191,naive,70.37003673086195
191,ar1,49.82280718360054
191,random_forest,32.23286428877446
192,naive,55.81848109961061
192,ar1,29.716581518937975
192,random_forest,30.957880680865024
193,naive,75.34058317750167
193,ar1,63.76025525357136
193,random_forest,48.97822605335718
194,naive,67.60248850782123
194,ar1,45.67397389534478
194,random_forest,40.29348840301217
195,naive,43.042086594592476
195,ar1,31.95550816622527
195,random_forest,30.910638035943983
196,naive,50.25769002137253
196,ar1,33.079741995736136
196,random_forest,29.914568304873615
197,naive,57.751901268718605
197,ar1,40.1264631273496
197,random_forest,35.91087485452942
198,naive,64.00903871771041
198,ar1,65.58439616846285
198,random_forest,42.46146232654174
199,naive,51.69342875927155
199,ar1,30.063489947619637
199,random_forest,29.40993006185145
